ISO CODE,FEAT_NAME,CONTINENT,LEVEL,FLD1,FLD2,FLD3,FLD4,FLD5,FLD6,FLD7,FLD8,FLD9,FLD10,FLD1,FLD2,FLD3,FLD4,FLD5,FLD7,FLD8,FLD9,FLD10,FLD11,FLD12,FLD13,FLD14,FLD1,FLD2,FLD3,FLD4,FLD5,FLD6,FLD8,FLD9,FLD10,FLD11,FLD1,FLD2,FLD3,FLD4,FLD5,FLD6,FLD7,FLD8,FLD9,FLD10,FLD11,FLD12,FLD13,FLD14,FLD15,FLD1,FLD2,FLD3,FLD4,FLD6,FLD7,FLD8,FLD9,FLD10,FLD11,FLD13,FLD14,FLD15,FLD16,FLD17,FLD18,FLD19,FLD20,FLD1,FLD3,FLD4,FLD5,FLD6
ZA,Afrique Du Sud,Afrique,CTR,5941171291,0,0,0,0,0,0,0,0,0,135138689,9,0,0,0,0,0,0,4193291,0,0,32889587,92,98055811,0,51219492,51219492,0,0,0,0,0,0,0,0,1115188923,377608355,423689888,3006712,10347341,0,0,0,0,72155270,101029344,0,0,0,0,121871062,0,0,0,50696775,0,5413088,0,0,0,0,0,0,29000000,0,0,19366699,0,246027258,246027258,0,0,0
AL,Albania,Europe,CTR,36005480,0,0,0,0,0,0,0,0,0,0,0,0,0,0,0,0,0,0,0,0,0,0,0,0,0,0,0,0,0,0,0,0,36005480,0,0,0,0,0,0,0,0,0,0,0,0,0,0,0,0,0,0,0,0,0,0,0,0,0,0,0,0,0,0,0,0,0,0,0,0,0
DZ,Algerie,Afrique,CTR,97732516,0,0,0,0,0,0,0,0,0,0,0,0,0,0,0,0,0,0,0,0,0,0,24353269,24353269,0,0,0,0,0,0,0,0,33782413,33782413,0,0,0,0,0,0,0,0,0,0,0,0,0,21632629,0,0,0,21632629,0,0,0,0,0,0,0,0,0,0,0,0,0,0,0,0,0,0
DE,Allemagne,Europe,CTR,28152478993,689726310,0,0,5772422,0,0,683953888,0,0,465264894,4,0,0,0,12244532,0,0,0,0,126110049,4,40266149,285706880,937284,125330312,14844700,0,55092733,0,0,35392882,19999997,0,0,1635877669,757632114,1,625985961,7,22794506,124722508,590361,27706508,85,0,2452834,0,4864590,0,0,0,0,206470758,9,15581602,35,6559570,15531015,57,113951303,25000129,13447119,0,0,0,4637616,11762404,0,0,0,0,0,0,229879708,3,229879708,3,0,0,0
AD,Andorre,Europe,CTR,900691684,0,0,0,0,0,0,0,0,0,0,0,0,0,0,0,0,0,0,0,0,0,0,27914777,0,0,0,0,0,0,27914777,0,0,25287142,9544174,1311914,0,0,0,0,14431054,0,0,0,0,0,0,0,54838005,0,0,0,54838005,0,0,0,0,0,0,0,0,0,0,0,0,0,0,0,0,0,0
AR,Argentine,Amérique,CTR,8609248,5,0,0,0,0,0,0,0,0,0,0,0,0,0,0,0,0,0,0,0,0,0,0,0,0,0,0,0,0,0,0,0,0,0,0,0,0,0,0,0,0,0,0,0,0,0,0,0,0,0,0,0,0,0,0,0,0,0,0,0,0,0,0,0,0,0,0,0,0,0,0
AM,Armenie,Asie,CTR,163806894,0,0,0,0,0,0,0,0,0,0,0,0,0,0,0,0,0,0,0,0,0,0,0,0,0,0,0,0,0,0,0,0,163806894,65413344,98393550,0,0,0,0,0,0,0,0,0,0,0,0,0,0,0,0,0,0,0,0,0,0,0,0,0,0,0,0,0,0,0,0,0,0,0
AU,Australie,Océanie,CTR,27144505884,0,0,0,0,0,0,0,0,0,0,0,0,0,0,0,0,0,0,0,0,0,0,45889551,45889551,0,0,0,0,0,0,0,0,538065652,6,240986581,131151368,0,81112969,63,0,9067500,0,0,0,0,0,0,0,0,8000000,8000000,0,0,0,0,0,0,0,0,0,0,0,0,0,0,0,0,10535530,10535530,0,0,0
AT,Autriche,Europe,CTR,300694815,0,0,0,0,0,0,0,0,0,0,0,0,0,0,0,0,0,0,0,0,0,0,0,0,0,0,0,0,0,0,0,0,102047067,44420095,55058605,0,0,0,0,0,0,0,0,0,2568367,0,0,0,0,0,0,0,0,0,0,0,0,0,0,0,0,0,0,0,0,0,0,0,0,0
BB,Barbados,Amérique,CTR,2389933,0,0,0,0,0,0,0,0,0,0,0,0,0,0,0,0,0,0,0,0,0,0,0,0,0,0,0,0,0,0,0,0,2389933,0,0,0,0,0,0,0,2389933,0,0,0,0,0,0,0,0,0,0,0,0,0,0,0,0,0,0,0,0,0,0,0,0,0,0,0,0,0
BE,Belgique,Europe,CTR,14569627174,0,0,0,0,0,0,0,0,0,693407008,0,0,4744753,666813416,0,0,0,0,21848839,0,0,0,1122100172,183234897,0,2004357,0,76500000,860360918,4,0,0,0,2610905872,989533266,656996416,5,0,227933438,206751282,7215527,0,1262573,46830300,19491762,0,0,0,0,986211955,98555533,0,0,838276983,5252500,12143298,0,0,0,1333333,29702450,0,0,0,947858,0,0,91321664,64,91321664,64,0,0,0
BW,Botswana,Afrique,CTR,2062369,0,0,0,0,0,0,0,0,0,0,0,0,0,0,0,0,0,0,0,0,0,0,0,0,0,0,0,0,0,0,0,0,2062369,0,0,0,0,0,0,0,0,0,0,0,2062369,0,0,0,0,0,0,0,0,0,0,0,0,0,0,0,0,0,0,0,0,0,0,0,0,0
BR,Bresil,Amérique,CTR,159791402,0,0,0,0,0,0,0,0,0,0,0,0,0,0,0,0,0,0,0,0,0,0,0,0,0,0,0,0,0,0,0,0,49481267,0,49481267,0,0,0,0,0,0,0,0,0,0,0,0,4951872,4951872,0,0,0,0,0,0,0,0,0,0,0,0,0,0,0,0,0,0,0,0,0
BG,Bulgarie,Europe,CTR,539135342,0,0,0,0,0,0,0,0,0,0,0,0,0,0,0,0,0,0,0,0,0,0,0,0,0,0,0,0,0,0,0,0,342335123,28862108,181566110,0,0,131191400,0,0,715505,0,0,0,0,0,0,0,0,0,0,0,0,0,0,0,0,0,0,0,0,0,0,0,0,0,0,0,0,0
BI,Burundi,Afrique,CTR,42744420,0,0,0,0,0,0,0,0,0,0,0,0,0,0,0,0,0,0,0,0,0,0,0,0,0,0,0,0,0,0,0,0,2744420,0,2181000,0,563420,0,0,0,0,0,0,0,0,0,0,15000000,0,0,0,0,5000000,0,0,0,0,0,0,0,0,0,0,10000000,0,10000000,0,0,0,10000000
CM,Cameroun,Afrique,CTR,2366092853,0,0,0,0,0,0,0,0,0,0,0,0,0,0,0,0,0,0,0,0,0,0,103935389,7,92301921,0,7782352,7,0,0,0,0,3851116,0,890839084,8,314998762,288596793,8,77262087,46839679,0,0,0,0,0,129538845,0,0,0,0,65900950,6000000,0,0,34652950,0,20000000,0,5248000,0,0,0,0,0,0,0,0,0,1987615,1987615,0,0,0
CA,Canada,Amérique,CTR,7019319871,0,0,0,0,0,0,0,0,0,192714685,0,0,102775405,39939280,0,0,50000000,0,0,0,0,0,130852757,20690910,52985000,0,2342242,42373204,0,12461401,0,0,2630085192,425466018,847509289,11676806,0,213936385,417290404,129589000,5914677,0,9537848,0,36616793,0,0,1050159979,639144024,0,0,115431163,158250000,885000,46765058,0,0,0,31134701,0,7000000,17920000,630033,6000000,0,38446682,26246682,0,0,12200000
CV,Cap Vert,Afrique,CTR,30000000,0,0,0,0,0,0,0,0,0,0,0,0,0,0,0,0,0,0,0,0,0,0,0,0,0,0,0,0,0,0,0,0,0,0,0,0,0,0,0,0,0,0,0,0,0,0,0,0,0,0,0,0,0,0,0,0,0,0,0,0,0,0,0,0,0,0,0,0,0,0
CF,Centrafrique,Afrique,CTR,74806166,14,0,0,0,0,0,0,0,0,0,0,0,0,0,0,0,0,0,0,0,0,0,0,2142034,14,0,0,0,0,0,0,0,2142034,14,0,35387061,0,35387061,0,0,0,0,0,0,0,0,0,0,0,0,1890000,0,0,0,1890000,0,0,0,0,0,0,0,0,0,0,0,0,0,0,0,0,0,0
CL,Chili,Amérique,CTR,4100000,0,0,0,0,0,0,0,0,0,0,0,0,0,0,0,0,0,0,0,0,0,0,0,0,0,0,0,0,0,0,0,0,0,0,0,0,0,0,0,0,0,0,0,0,0,0,0,4100000,0,0,0,4100000,0,0,0,0,0,0,0,0,0,0,0,0,0,0,0,0,0,0
CN,Chine,Asie,CTR,9666665556,0,0,0,0,0,0,0,0,0,424646056,0,0,0,133559181,0,0,0,0,14017166,175844458,22668721,78556530,41450905,38,19678710,0,0,0,0,16590164,13,5182031,25,0,0,668798095,263984601,120892761,39093253,57990238,0,0,0,2760044,0,150346876,0,4594937,0,0,121956494,84339673,0,0,12310000,18747251,6559570,0,0,0,0,0,0,0,0,0,0,0,79760473,79760473,0,0,0
CY,Chypre,Asie,CTR,324680601,0,0,0,0,0,0,0,0,0,163989250,0,0,0,163989250,0,0,0,0,0,0,0,0,12176209,12176209,0,0,0,0,0,0,0,0,97828239,983936,35382753,0,0,0,0,0,0,0,0,0,59355180,0,0,12000000,0,0,0,12000000,0,0,0,0,0,0,0,0,0,0,0,0,0,17702967,17702967,0,0,0
CO,Colombie,Amérique,CTR,34360134,0,0,0,0,0,0,0,0,0,0,0,0,0,0,0,0,0,0,0,0,0,0,10999086,10999086,0,0,0,0,0,0,0,0,0,0,0,0,0,0,0,0,0,0,0,0,0,0,0,0,0,0,0,0,0,0,0,0,0,0,0,0,0,0,0,0,0,0,0,0,0,0
KM,Comores,Afrique,CTR,1450976,0,0,0,0,0,0,0,0,0,0,0,0,0,0,0,0,0,0,0,0,0,0,0,0,0,0,0,0,0,0,0,0,725488,0,725488,0,0,0,0,0,0,0,0,0,0,0,0,0,0,0,0,0,0,0,0,0,0,0,0,0,0,0,0,0,0,725488,725488,0,0,0
KR,Corée Du Sud,Asie,CTR,418775569,0,0,0,0,0,0,0,0,0,0,0,0,0,0,0,0,0,0,0,0,0,0,0,0,0,0,0,0,0,0,0,0,31369747,31369747,0,0,0,0,0,0,0,0,0,0,0,0,0,4500000,0,0,0,4500000,0,0,0,0,0,0,0,0,0,0,0,0,0,0,0,0,0,0
HR,Croatie,Europe,CTR,12066329,0,0,0,0,0,0,0,0,0,0,0,0,0,0,0,0,0,0,0,0,0,0,0,0,0,0,0,0,0,0,0,0,12066329,0,12066329,0,0,0,0,0,0,0,0,0,0,0,0,0,0,0,0,0,0,0,0,0,0,0,0,0,0,0,0,0,0,0,0,0,0,0
CU,Cuba,Amérique,CTR,1092600,0,0,0,0,0,0,0,0,0,0,0,0,0,0,0,0,0,0,0,0,0,0,0,0,0,0,0,0,0,0,0,0,0,0,0,0,0,0,0,0,0,0,0,0,0,0,0,0,0,0,0,0,0,0,0,0,0,0,0,0,0,0,0,0,0,1092600,1092600,0,0,0
DK,Danemark,Europe,CTR,638006073,560462,0,0,560462,0,0,0,0,0,0,0,0,0,0,0,0,0,0,0,0,0,0,0,0,0,0,0,0,0,0,0,0,530797277,270576379,185045504,0,0,0,0,0,11148134,0,0,0,0,0,0,0,0,0,0,0,0,0,0,0,0,0,0,0,0,0,0,0,0,92157975,92157975,0,0,0
DJ,Djibouti,Afrique,CTR,6998868,0,0,0,0,0,0,0,0,0,0,0,0,0,0,0,0,0,0,0,0,0,0,0,0,0,0,0,0,0,0,0,0,2742268,0,2742268,0,0,0,0,0,0,0,0,0,0,0,0,3750000,3750000,0,0,0,0,0,0,0,0,0,0,0,0,0,0,0,0,506600,506600,0,0,0
DM,Dominica,Amérique,CTR,5772000,0,0,0,0,0,0,0,0,0,0,0,0,0,0,0,0,0,0,0,0,0,0,0,0,0,0,0,0,0,0,0,0,0,0,0,0,0,0,0,0,0,0,0,0,0,0,0,0,0,0,0,0,0,0,0,0,0,0,0,0,0,0,0,0,0,0,0,0,0,0
EG,Egypte,Afrique,CTR,897571272,0,0,0,0,0,0,0,0,0,54113631,0,0,0,0,0,0,0,0,0,54113631,0,0,139666832,29735832,0,0,0,0,0,109931000,0,0,105370556,78741645,95,19209000,0,0,0,0,0,0,0,0,0,0,0,0,10495312,0,0,0,10495312,0,0,0,0,0,0,0,0,0,0,0,0,0,0,0,0,0,0
AE,Emirats Arabes Unis,Asie,CTR,8,97293E+11,41000289,41000289,0,0,0,0,0,0,0,1131788079,0,0,0,309771525,0,0,19678710,0,631456620,25017360,145863863,6,0,254701744,2,80650470,0,0,0,0,65288220,12383817,0,96379237,24,3147523383,1563175393,925286486,2,0,93670669,197797850,0,0,0,0,64420263,32,0,8770264,0,0,54471000,9996000,0,0,0,29475000,0,15000000,0,0,0,0,0,0,0,0,0,0,967051982,967051982,0,0,0
ES,Espagne,Europe,CTR,3705597482,0,0,0,0,0,0,0,0,0,144939142,0,0,0,128948642,0,0,0,0,0,0,15990500,0,271985334,1,103554195,0,0,0,0,36911074,1,131520065,0,0,979068595,1,159153808,2,462849817,3,0,110655135,6,1580856,2000000,79036130,0,83065146,0,0,0,0,0,142324240,35622347,0,0,46188509,10543505,22300957,0,0,1508701,26160221,0,0,0,0,0,0,0,21968524,21968524,0,0,0
EE,Estonie,Europe,CTR,70401175,1,0,0,0,0,0,0,0,0,0,0,0,0,0,0,0,0,0,0,0,0,0,0,0,0,0,0,0,0,0,0,0,0,35087435,0,0,0,1479183,0,0,0,0,0,33608252,0,0,0,0,0,0,0,0,0,0,0,0,0,0,0,0,0,0,0,0,0,0,852744,1,852744,1,0,0,0
US,Etats-Unis,Amérique,CTR,94071180171,115013449,0,0,0,0,0,106005316,0,9008133,1166987074,0,0,0,513290358,31791566,0,485401539,0,17640000,27712024,91151587,0,100456727,17396748,0,1242250,0,15890681,7545000,58382048,0,0,5397034031,1915674000,1799324471,0,23089410,1,214192999,8,503463613,7,33334170,11328876,9842000,71341459,0,5579282,0,17382270,1062578635,427101631,5,0,0,361845175,72448325,27859740,110988956,0,0,0,54146861,0,5196096,0,0,0,0,587917428,565847358,0,0,13482540
ET,Ethiopie,Afrique,CTR,1295308861,0,0,0,0,0,0,0,0,0,0,0,0,0,0,0,0,0,0,0,0,0,0,4061911,0,0,0,0,0,0,4061911,0,0,4218950,0,3024950,0,0,0,0,0,0,0,0,0,0,0,0,3528000,0,0,0,3528000,0,0,0,0,0,0,0,0,0,0,0,0,0,0,0,0,0,0
FI,Finlande,Europe,CTR,1589561772,0,0,0,0,0,0,0,0,0,0,0,0,0,0,0,0,0,0,0,0,0,0,0,0,0,0,0,0,0,0,0,0,173382344,119308994,54073350,0,0,0,0,0,0,0,0,0,0,0,0,0,0,0,0,0,0,0,0,0,0,0,0,0,0,0,0,0,0,156112846,156112846,0,0,0
FR,France,Europe,CTR,3,3204E+11,310911539,0,1668754,34120000,237569903,37552882,0,0,0,3898499892,2623828,50672678,258829306,1083161479,276372218,64667691,1715881842,1967871,33231916,03,219985475,151432973,8,39672614,7614201680,3139234448,150364524,706251486,7918424,1197353914,297969116,2051869049,44808328,10421188,38530440618,12503991694,14287938464,457738048,962700969,1050611722,556574243,7,2055756166,0,0,1045204606,12356799,89,498871532,1,0,1500882014,9780338585,1510648330,82154986,33993574,6139606156,297661675,234837595,3,987192099,5,0,4263721,68162018,10347722,0,99192062,14983936,164880981,3,32465190,5050869,3551587409,3458602849,86986851,4816494,1181215
GA,Gabon,Afrique,CTR,1736068362,0,0,0,0,0,0,0,0,0,0,0,0,0,0,0,0,0,0,0,0,0,0,91109678,6109678,0,0,0,85000000,0,0,0,0,208641822,5609368,8818356,0,5099268,78749998,0,0,0,0,818458,0,76865343,0,0,31161363,62,0,0,0,7600000,0,10698515,62,0,0,0,0,0,0,0,0,12862848,0,0,32566527,32566527,0,0,0
GM,Gambie,Afrique,CTR,181991549,0,0,0,0,0,0,0,0,0,0,0,0,0,0,0,0,0,0,0,0,0,0,0,0,0,0,0,0,0,0,0,0,0,0,0,0,0,0,0,0,0,0,0,0,0,0,0,8067845,0,0,0,0,0,0,0,0,0,0,0,0,0,0,0,8067845,0,9934454,0,0,0,9934454
GH,Ghana,Afrique,CTR,3939746558,0,0,0,0,0,0,0,0,0,510270042,0,0,0,0,0,0,0,4000000,0,28458946,477811096,0,129654125,5,85678473,5,43975652,0,0,0,0,0,0,0,734260391,9,564361646,123035754,6886574,87,10327231,0,0,0,0,0,15163500,0,0,0,0,37924155,0,1280400,0,0,0,6237623,0,0,0,17357278,0,0,0,0,0,13048854,0,40514542,1230562,0,0,39283980
GR,Grèce,Europe,CTR,122320556,0,0,0,0,0,0,0,0,0,0,0,0,0,0,0,0,0,0,0,0,0,0,6061043,6061043,0,0,0,0,0,0,0,0,2164898,607000,1557898,0,0,0,0,0,0,0,0,0,0,0,0,0,0,0,0,0,0,0,0,0,0,0,0,0,0,0,0,0,0,984300,984300,0,0,0
GN,Guinée   ,Afrique,CTR,1145412978,0,0,0,0,0,0,0,0,0,0,0,0,0,0,0,0,0,0,0,0,0,0,54356525,8312943,33788850,0,0,0,0,12254732,0,0,75481875,27675224,19914055,0,4332596,0,0,0,0,0,0,0,0,0,0,72896066,0,0,0,47840000,0,7434312,0,0,0,4463604,0,5011478,0,0,0,8146672,0,31440449,0,0,0,31440449
GY,Guyana,Amérique,CTR,2181865,0,0,0,0,0,0,0,0,0,0,0,0,0,0,0,0,0,0,0,0,0,0,0,0,0,0,0,0,0,0,0,0,2181865,0,2181865,0,0,0,0,0,0,0,0,0,0,0,0,0,0,0,0,0,0,0,0,0,0,0,0,0,0,0,0,0,0,0,0,0,0,0
HT,Haiti,Amérique,CTR,1500000,0,0,0,0,0,0,0,0,0,0,0,0,0,0,0,0,0,0,0,0,0,0,0,0,0,0,0,0,0,0,0,0,0,0,0,0,0,0,0,0,0,0,0,0,0,0,0,1500000,0,0,0,0,0,0,0,0,1500000,0,0,0,0,0,0,0,0,0,0,0,0,0
HK,Hong Kong,Asie,CTR,694126244,5,0,0,0,0,0,0,0,0,0,5822731,0,0,0,0,0,0,0,0,3472252,2350479,0,0,0,0,0,0,0,0,0,0,0,0,291887979,210472766,16579894,0,20746645,0,0,0,0,0,0,0,0,0,0,0,0,0,0,0,0,0,0,0,0,0,0,0,0,0,0,0,0,63373974,0,63373974,0,0
HU,Hongrie,Europe,CTR,45803390,0,0,0,0,0,0,0,0,0,0,0,0,0,0,0,0,0,0,0,0,0,0,0,0,0,0,0,0,0,0,0,0,33956270,20314988,3801927,0,0,0,0,0,0,0,0,0,0,0,0,0,0,0,0,0,0,0,0,0,0,0,0,0,0,0,0,0,0,0,0,0,0,0
IN,Inde,Asie,CTR,2771772927,30769962,0,0,18704400,0,0,0,12065562,0,323523796,0,0,0,0,0,0,0,0,0,133358535,137044405,53120856,215034237,2,215034237,2,0,0,0,0,0,0,0,0,924123298,5,471901949,231727363,5,0,18909332,0,0,0,0,0,100027170,0,3790132,0,0,287659410,10512000,0,0,264171141,0,0,12976269,0,0,0,0,0,0,0,0,0,0,111285728,111285728,0,0,0
ID,Indonesie,Asie,CTR,2523917,0,0,0,0,0,0,0,0,0,0,0,0,0,0,0,0,0,0,0,0,0,0,0,0,0,0,0,0,0,0,0,0,2523917,2523917,0,0,0,0,0,0,0,0,0,0,0,0,0,0,0,0,0,0,0,0,0,0,0,0,0,0,0,0,0,0,0,0,0,0,0,0
IQ,Irak,Asie,CTR,1894840,0,0,0,0,0,0,0,0,0,0,0,0,0,0,0,0,0,0,0,0,0,0,0,0,0,0,0,0,0,0,0,0,0,0,0,0,0,0,0,0,0,0,0,0,0,0,0,0,0,0,0,0,0,0,0,0,0,0,0,0,0,0,0,0,0,947420,947420,0,0,0
IE,Irlande,Europe,CTR,1692090780,0,0,0,0,0,0,0,0,0,0,0,0,0,0,0,0,0,0,0,0,0,0,16095863,3063500,0,13032363,0,0,0,0,0,0,1247935165,591265784,501262781,0,0,0,0,0,0,0,0,0,0,0,0,0,0,0,0,0,0,0,0,0,0,0,0,0,0,0,0,0,0,324368016,324368016,0,0,0
IL,Israël,Asie,CTR,1544315808,0,0,0,0,0,0,0,0,0,101551000,0,0,0,0,0,0,0,0,101551000,0,0,0,26811587,1639893,0,0,0,25171694,0,0,0,0,676394446,9,188419324,9,392684789,3918360,0,0,0,0,0,0,4137000,0,0,0,0,101365033,0,0,0,76884718,0,0,0,0,0,0,0,0,0,24480315,0,0,0,7809650,7809650,0,0,0
IT,Italie,Europe,CTR,4459584598,0,0,0,0,0,0,0,0,0,237308458,0,0,0,95592405,0,0,10000000,0,27276593,2623828,101815632,0,85495968,85495968,0,0,0,0,0,0,0,0,2469831180,186469352,5,356589878,6,47884862,112185481,126259759,0,0,0,0,2038296,48237660,0,0,1435952954,278033246,39880848,4919678,0,166213841,0,0,0,0,0,27550194,14539767,0,14201469,0,10727449,0,0,32806130,32806130,0,0,0
JP,Japon,Asie,CTR,57073214795,0,0,0,0,0,0,0,0,0,0,0,0,0,0,0,0,0,0,0,0,0,0,0,0,0,0,0,0,0,0,0,0,6877553,4250769,2626784,0,0,0,0,0,0,0,0,0,0,0,0,60596339,0,0,0,0,0,59692087,0,0,0,0,904252,0,0,0,0,0,0,16612295,3092923,13519372,0,0
JO,Jordanie,Asie,CTR,9390487,0,0,0,0,0,0,0,0,0,0,0,0,0,0,0,0,0,0,0,0,0,0,0,0,0,0,0,0,0,0,0,0,8518346,0,0,0,0,0,0,0,0,0,1753129,0,0,0,0,0,0,0,0,0,0,0,0,0,0,0,0,0,0,0,0,0,0,0,0,0,0,0
KE,Kenya,Afrique,CTR,4288634859,0,0,0,0,0,0,0,0,0,0,0,0,0,0,0,0,0,0,0,0,0,0,77887807,25912807,0,0,51975000,0,0,0,0,0,352130700,2,200689587,27349943,16,660000,0,0,0,0,0,0,70349110,0,22781713,0,0,14106984,5200000,0,0,4706984,1700000,0,0,0,0,0,0,0,0,0,0,2500000,0,105170094,42053179,0,0,63116915
LV,Lettonie,Europe,CTR,180367915,0,0,0,0,0,0,0,0,0,0,0,0,0,0,0,0,0,0,0,0,0,0,0,0,0,0,0,0,0,0,0,0,171308939,10167333,22150506,0,0,0,0,0,0,0,29558466,0,109432634,0,0,0,0,0,0,0,0,0,0,0,0,0,0,0,0,0,0,0,0,1508701,1508701,0,0,0
LB,Liban,Asie,CTR,5648137853,0,0,0,0,0,0,0,0,0,1597781630,0,0,0,1501282278,73345381,0,3345381,0,0,16463209,0,0,165473199,16576703,0,0,0,125056808,12819610,11020078,0,0,859325936,242086310,430474925,7092000,53567517,0,0,0,0,0,34155125,0,7349316,0,0,260644790,0,0,0,260644790,0,0,0,0,0,0,0,0,0,0,0,0,0,98602720,98602720,0,0,0
LR,Liberia,Afrique,CTR,253920550,0,0,0,0,0,0,0,0,0,0,0,0,0,0,0,0,0,0,0,0,0,0,0,0,0,0,0,0,0,0,0,0,206232606,87240000,87420324,0,0,0,0,0,0,0,16572282,0,0,0,0,6807967,0,0,0,0,0,0,0,0,0,0,0,0,0,0,0,6807967,0,7675617,0,0,0,7675617
LT,Lituanie,Europe,CTR,33900813,0,0,0,0,0,0,0,0,0,0,0,0,0,0,0,0,0,0,0,0,0,0,0,0,0,0,0,0,0,0,0,0,7331112,6532583,798529,0,0,0,0,0,0,0,0,0,0,0,0,0,0,0,0,0,0,0,0,0,0,0,0,0,0,0,0,0,0,15087011,15087011,0,0,0
LU,Luxembourg,Europe,CTR,79339981377,0,0,0,0,0,0,0,0,0,329789391,5,0,0,0,329789391,5,0,0,0,0,0,0,0,0,481117085,69242821,0,19095138,0,90419120,302360006,0,0,0,506597286,164672288,13712027,0,0,0,0,0,0,0,83679267,0,0,0,0,126294100,9883380,0,0,83612870,0,32797850,0,0,0,0,0,0,0,0,0,0,0,7228391,7228391,0,0,0
MK,Macédoine Du Nord,Europe,CTR,6036247,0,0,0,0,0,0,0,0,0,0,0,0,0,0,0,0,0,0,0,0,0,0,0,0,0,0,0,0,0,0,0,0,6036247,2951807,3084440,0,0,0,0,0,0,0,0,0,0,0,0,0,0,0,0,0,0,0,0,0,0,0,0,0,0,0,0,0,0,0,0,0,0,0
MG,Madagascar,Afrique,CTR,42234606,0,0,0,0,0,0,0,0,0,0,0,0,0,0,0,0,0,0,0,0,0,0,13183500,0,0,0,0,0,0,13183500,0,0,6581432,5575634,0,0,0,0,0,0,0,0,1005798,0,0,0,0,7500000,0,0,0,7500000,0,0,0,0,0,0,0,0,0,0,0,0,0,0,0,0,0,0
MY,Malaisie,Asie,CTR,82726418,6,0,0,0,0,0,0,0,0,0,0,0,0,0,0,0,0,0,0,0,0,0,0,0,0,0,0,0,0,0,0,0,0,14258010,6,5903613,1055268,0,7299129,6,0,0,0,0,0,0,0,0,0,0,0,0,0,0,0,0,0,0,0,0,0,0,0,0,0,0,0,0,6868260,6868260,0,0,0
MW,Malawi,Afrique,CTR,10120800,0,0,0,0,0,0,0,0,0,0,0,0,0,0,0,0,0,0,0,0,0,0,0,0,0,0,0,0,0,0,0,0,10120800,10120800,0,0,0,0,0,0,0,0,0,0,0,0,0,0,0,0,0,0,0,0,0,0,0,0,0,0,0,0,0,0,0,0,0,0,0,0
MV,Maldives,Asie,CTR,61686332,0,0,0,0,0,0,0,0,0,0,0,0,0,0,0,0,0,0,0,0,0,0,0,0,0,0,0,0,0,0,0,0,61686332,0,61686332,0,0,0,0,0,0,0,0,0,0,0,0,0,0,0,0,0,0,0,0,0,0,0,0,0,0,0,0,0,0,0,0,0,0,0
MT,Malte,Europe,CTR,246328317,3,0,0,0,0,0,0,0,0,0,0,0,0,0,0,0,0,0,0,0,0,0,0,0,0,0,0,0,0,0,0,0,0,150794311,96032990,54761321,0,0,0,0,0,0,0,0,0,0,0,0,0,0,0,0,0,0,0,0,0,0,0,0,0,0,0,0,0,0,95477085,83,95477085,83,0,0,0
MA,Maroc,Afrique,CTR,2,03664E+11,0,0,0,0,0,0,0,0,0,809956,0,0,0,809956,0,0,0,0,0,0,0,0,649546215,316751656,0,4424120,0,256178356,9289060,46840827,16062196,0,4513069090,1883354880,1518274779,145644304,4673038,5840000,19941867,0,0,0,264280328,0,137355303,1,0,0,212886264,14807226,0,0,104654685,41000000,3279785,49144568,0,0,0,0,0,0,0,0,0,0,556146737,556146737,0,0,0
MU,Maurice ,Afrique,CTR,55194032631,0,0,0,0,0,0,0,0,0,268977894,0,0,44691846,211166908,13119140,0,0,0,0,0,0,0,591693999,2,383933525,6,0,0,0,186034516,6,10687756,11038201,0,0,2454823200,608906380,5,939378491,5,30997117,4974720,0,0,0,15521254,0,388099639,0,318961349,0,0,895976658,123447828,0,0,6998392,0,15530438,0,0,0,0,0,0,0,750000000,0,0,0,425326143,425326143,0,0,0
MR,Mauritanie,Afrique,CTR,1910223271,0,0,0,0,0,0,0,0,0,0,0,0,0,0,0,0,0,0,0,0,0,0,2022658,835000,0,0,0,0,0,0,1187658,0,218315765,97958118,119770487,0,0,0,0,0,0,0,0,0,0,0,0,0,0,0,0,0,0,0,0,0,0,0,0,0,0,0,0,0,0,97901400,97901400,0,0,0
MZ,Mozanbique,Afrique,CTR,2633640,0,0,0,0,0,0,0,0,0,0,0,0,0,0,0,0,0,0,0,0,0,0,0,0,0,0,0,0,0,0,0,0,2633640,0,0,0,0,0,0,0,0,0,0,0,2633640,0,0,0,0,0,0,0,0,0,0,0,0,0,0,0,0,0,0,0,0,0,0,0,0,0
NA,Namibie,Afrique,CTR,1590409,0,0,0,0,0,0,0,0,0,0,0,0,0,0,0,0,0,0,0,0,0,0,0,0,0,0,0,0,0,0,0,0,1590409,0,1590409,0,0,0,0,0,0,0,0,0,0,0,0,0,0,0,0,0,0,0,0,0,0,0,0,0,0,0,0,0,0,0,0,0,0,0
NP,Nepal,Asie,CTR,1548059,0,0,0,0,0,0,0,0,0,0,0,0,0,0,0,0,0,0,0,0,0,0,0,0,0,0,0,0,0,0,0,0,1548059,0,1548059,0,0,0,0,0,0,0,0,0,0,0,0,0,0,0,0,0,0,0,0,0,0,0,0,0,0,0,0,0,0,0,0,0,0,0
NG,Nigeria,Afrique,CTR,11240530716,0,0,0,0,0,0,0,0,0,0,0,0,0,0,0,0,0,0,0,0,0,0,71841656,18013352,50000000,0,0,0,0,3828304,0,0,326920674,8,243886750,8,11383354,0,45637018,0,2000000,0,0,0,0,0,3880349,0,0,370363463,5,2827200,0,0,20616000,114600000,231635228,5,0,0,0,0,0,0,0,0,685035,0,0,14024122,14024122,0,0,0
NO,Norvege,Europe,CTR,699780479,3,0,0,0,0,0,0,0,0,0,1188214,0,0,0,0,0,0,0,0,0,1188214,0,0,0,0,0,0,0,0,0,0,0,0,576787154,3,336831143,239956011,3,0,0,0,0,0,0,0,0,0,0,0,0,20000000,0,0,0,20000000,0,0,0,0,0,0,0,0,0,0,0,0,0,0,0,0,0,0
NZ,Nouvelle-Zélande,Océanie,CTR,21587545,0,0,0,0,0,0,0,0,0,0,0,0,0,0,0,0,0,0,0,0,0,0,0,0,0,0,0,0,0,0,0,0,21587545,21587545,0,0,0,0,0,0,0,0,0,0,0,0,0,0,0,0,0,0,0,0,0,0,0,0,0,0,0,0,0,0,0,0,0,0,0,0
UG,Ouganda,Afrique,CTR,34032429,0,0,0,0,0,0,0,0,0,0,0,0,0,0,0,0,0,0,0,0,0,0,6582682,6582682,0,0,0,0,0,0,0,0,17068296,7332025,4414031,0,5322240,0,0,0,0,0,0,0,0,0,0,3018450,3018450,0,0,0,0,0,0,0,0,0,0,0,0,0,0,0,0,0,0,0,0,0
PK,Pakistan,Asie,CTR,175878408,0,0,0,0,0,0,0,0,0,0,0,0,0,0,0,0,0,0,0,0,0,0,0,0,0,0,0,0,0,0,0,0,89787396,79627158,10160238,0,0,0,0,0,0,0,0,0,0,0,0,86091012,24380000,0,0,59595400,0,2115612,0,0,0,0,0,0,0,0,0,0,0,0,0,0,0,0
PA,Panama,Amérique,CTR,104475000,0,0,0,0,0,0,0,0,0,0,0,0,0,0,0,0,0,0,0,0,0,0,0,0,0,0,0,0,0,0,0,0,52237500,0,52237500,0,0,0,0,0,0,0,0,0,0,0,0,0,0,0,0,0,0,0,0,0,0,0,0,0,0,0,0,0,0,0,0,0,0,0
NL,Pays-Bas,Europe,CTR,21106398711,0,0,0,0,0,0,0,0,0,1077302692,0,0,0,374805528,0,0,61447200,0,46206005,99300739,447135037,48408183,512633518,32804835,0,0,0,50618409,423643167,5567107,0,0,1912816452,796241482,9,607551709,0,191158519,3,0,0,0,0,0,142721331,0,66255895,0,0,23000759,0,0,0,7000000,0,1311914,0,0,0,0,14688845,0,0,0,0,0,0,440123009,440123009,0,0,0
PE,Perou,Amérique,CTR,28706404,0,0,0,0,0,0,0,0,0,0,0,0,0,0,0,0,0,0,0,0,0,0,0,0,0,0,0,0,0,0,0,0,28706404,23182721,5523683,0,0,0,0,0,0,0,0,0,0,0,0,0,0,0,0,0,0,0,0,0,0,0,0,0,0,0,0,0,0,0,0,0,0,0
PH,Philippines,Asie,CTR,553855740,0,0,0,0,0,0,0,0,0,0,0,0,0,0,0,0,0,0,0,0,0,0,829872,829872,0,0,0,0,0,0,0,0,65579880,60400000,5179880,0,0,0,0,0,0,0,0,0,0,0,0,9068606,9068606,0,0,0,0,0,0,0,0,0,0,0,0,0,0,0,0,0,0,0,0,0
PL,Pologne,Europe,CTR,183588206,9,0,0,0,0,0,0,0,0,0,0,0,0,0,0,0,0,0,0,0,0,0,0,0,0,0,0,0,0,0,0,0,0,56668781,89,52359144,4309637,89,0,0,0,0,0,0,0,0,0,0,0,0,0,0,0,0,0,0,0,0,0,0,0,0,0,0,0,0,0,0,0,0,0,0,0
PT,Portugal,Europe,CTR,2426478556,0,0,0,0,0,0,0,0,0,36293989,0,0,0,19678710,0,0,0,0,16615279,0,0,0,0,0,0,0,0,0,0,0,0,0,753712123,7,415532155,214920957,7,0,0,0,0,38701463,0,0,82064912,0,0,0,0,94799826,7,23000000,0,0,59043824,7,0,0,0,0,0,0,0,0,0,0,12756002,0,0,4965595,4965595,0,0,0
CD,République Démocratique Du Congo,Afrique,CTR,291685739,0,0,0,0,0,0,0,0,0,1612867,0,0,0,0,0,0,0,0,0,0,1612867,0,11520600,6354000,0,602358,0,0,0,0,4564242,0,60317903,7901360,34712790,0,8849159,960566,0,0,0,0,0,0,778028,0,0,18000000,0,0,0,3000000,5000000,0,0,0,0,0,0,0,0,0,0,10000000,0,77870984,70595699,0,0,7275285
DO,Republique Dominicaine,Amérique,CTR,40326378,0,0,0,0,0,0,0,0,0,0,0,0,0,0,0,0,0,0,0,0,0,0,0,0,0,0,0,0,0,0,0,0,40326378,0,0,40326378,0,0,0,0,0,0,0,0,0,0,0,0,0,0,0,0,0,0,0,0,0,0,0,0,0,0,0,0,0,0,0,0,0,0
CG,République Du Congo,Afrique,CTR,1526200,0,0,0,0,0,0,0,0,0,0,0,0,0,0,0,0,0,0,0,0,0,0,0,0,0,0,0,0,0,0,0,0,1526200,0,1526200,0,0,0,0,0,0,0,0,0,0,0,0,0,0,0,0,0,0,0,0,0,0,0,0,0,0,0,0,0,0,0,0,0,0,0
CZ,République Tchèque,Europe,CTR,5906626,0,0,0,0,0,0,0,0,0,0,0,0,0,0,0,0,0,0,0,0,0,0,4096185,4096185,0,0,0,0,0,0,0,0,1810441,787148,0,0,0,0,0,0,0,0,0,0,0,0,0,0,0,0,0,0,0,0,0,0,0,0,0,0,0,0,0,0,0,0,0,0,0,0
RO,Roumanie,Europe,CTR,70733034,0,0,0,0,0,0,0,0,0,0,0,0,0,0,0,0,0,0,0,0,0,0,0,0,0,0,0,0,0,0,0,0,70733034,0,70733034,0,0,0,0,0,0,0,0,0,0,0,0,0,0,0,0,0,0,0,0,0,0,0,0,0,0,0,0,0,0,0,0,0,0,0
GB,Royaume-Uni,Europe,CTR,3,50026E+11,385495313,0,0,0,0,0,385495313,0,0,1062078254,0,0,0,807172940,92263631,0,1880000,0,66319462,64477028,29965193,3,0,667337907,4,140128457,4,0,127738309,6125982,1300736,150623365,241421058,0,0,7831311930,3779424578,2342098501,129955464,156250557,111515814,86231643,11959570,21581955,12780000,418590131,8,0,260394613,12964124,0,494724024,239607098,0,14677824,117446771,72000000,18152443,0,0,0,4892958,1308480,0,12914000,0,0,13724450,0,1224047136,1219367112,0,4680024,0
RU,Russie,Europe,CTR,958909478,7,0,0,0,0,0,0,0,0,0,724503770,0,0,0,0,0,0,0,0,724503770,0,0,0,21669452,0,0,0,0,0,21669452,0,0,0,86184259,18,0,15245104,48,0,0,0,0,0,0,0,0,0,729031,0,0,8300000,0,0,0,0,0,0,8300000,0,0,0,0,0,0,0,0,0,0,26795208,56,26795208,56,0,0,0
RW,Rwanda,Afrique,CTR,148278533,0,0,0,0,0,0,0,0,0,0,0,0,0,0,0,0,0,0,0,0,0,0,1221036,1221036,0,0,0,0,0,0,0,0,51320019,6053966,38380607,0,0,509776,6375670,0,0,0,0,0,0,0,0,24129785,0,0,0,3279785,5000000,5850000,0,0,0,0,0,0,0,0,0,10000000,0,49520786,0,0,0,49520786
SC,Seychelles,Afrique,CTR,383283458,6,0,0,0,0,0,0,0,0,0,0,0,0,0,0,0,0,0,0,0,0,0,0,16398925,16398925,0,0,0,0,0,0,0,0,275828250,6,144636850,6,131191400,0,0,0,0,0,0,0,0,0,0,0,0,40538143,40538143,0,0,0,0,0,0,0,0,0,0,0,0,0,0,0,0,0,0,0,0,0
SL,Sierra Leone,Afrique,CTR,50374630,0,0,0,0,0,0,0,0,0,0,0,0,0,0,0,0,0,0,0,0,0,0,0,0,0,0,0,0,0,0,0,0,30363754,11630909,18732845,0,0,0,0,0,0,0,0,0,0,0,0,8677435,0,0,0,0,0,0,0,0,0,0,0,0,0,0,0,8677435,0,5700481,0,0,0,5700481
SG,Singapour ,Asie,CTR,9684103785,120921200,0,0,0,0,0,120921200,0,0,88912000,0,0,0,0,0,0,0,0,0,0,82972000,5940000,0,0,0,0,0,0,0,0,0,0,120380479,7,58099107,36021454,0,0,0,0,0,0,0,0,0,1536022,0,0,6518450,0,5900000,0,0,0,618450,0,0,0,0,0,0,0,0,0,0,0,0,0,0,0,0
SK,Slovaquie,Europe,CTR,13647614,0,0,0,0,0,0,0,0,0,9047614,0,0,0,0,0,0,0,0,0,0,9047614,0,0,0,0,0,0,0,0,0,0,0,0,0,0,0,0,0,0,0,0,0,0,0,0,0,0,0,0,0,0,0,0,0,0,0,0,0,0,0,0,0,0,0,0,0,0,0,0,0
SI,Slovénie,Europe,CTR,15504135,0,0,0,0,0,0,0,0,0,0,0,0,0,0,0,0,0,0,0,0,0,0,0,0,0,0,0,0,0,0,0,0,10474991,5029144,5445847,0,0,0,0,0,0,0,0,0,0,0,0,0,0,0,0,0,0,0,0,0,0,0,0,0,0,0,0,0,0,0,0,0,0,0
SE,Suède,Europe,CTR,4379024757,0,0,0,0,0,0,0,0,0,69983691,0,0,0,69983691,0,0,0,0,0,0,0,0,17255190,17255190,0,0,0,0,0,0,0,0,192886633,95070022,6114043,0,0,0,0,0,0,0,0,0,0,0,0,834797,0,834797,0,0,0,0,0,0,0,0,0,0,0,0,0,0,0,27472004,27472004,0,0,0
CH,Suisse,Europe,CTR,18515895999,14071200,0,0,14071200,0,0,0,0,0,464728163,0,0,0,273830543,0,0,25000000,0,165897620,0,0,0,477585364,157688317,0,59219532,0,89959680,143269887,25668564,1779384,0,3884467146,1933502359,1156683080,5778981,8664654,878308,11583267,4,96931878,1445532,0,110454464,45660100,127537352,0,12079756,1731207280,52736824,84,0,0,729749822,0,199420721,0,0,0,0,0,0,593716162,0,155583750,0,0,324079344,308979319,15100025,0,0
TW,Taïwan,Asie,CTR,27319835,0,0,0,0,0,0,0,0,0,0,0,0,0,0,0,0,0,0,0,0,0,0,0,0,0,0,0,0,0,0,0,0,14510307,0,0,14510307,0,0,0,0,0,0,0,0,0,0,0,0,0,0,0,0,0,0,0,0,0,0,0,0,0,0,0,0,0,0,0,0,0,0
TZ,Tanzanie,Afrique,CTR,115836946,0,0,0,0,0,0,0,0,0,0,0,0,0,0,0,0,0,0,0,0,0,0,13004208,13004208,0,0,0,0,0,0,0,0,16929430,10963120,5966310,0,0,0,0,0,0,0,0,0,0,0,0,2500000,0,0,0,0,0,0,0,0,0,0,0,0,0,0,0,2500000,0,32964463,0,0,0,32964463
TD,Tchad,Afrique,CTR,720082994,0,0,0,0,0,0,0,0,0,0,0,0,0,0,0,0,0,0,0,0,0,0,24498573,0,0,4929603,0,0,865350,1730700,16972920,0,99410000,1410000,0,0,0,0,0,98000000,0,0,0,0,0,0,0,8340000,0,0,0,8340000,0,0,0,0,0,0,0,0,0,0,0,0,0,0,0,0,0,0
TN,Tunisie,Afrique,CTR,4370860223,0,0,0,0,0,0,0,0,0,28468718,600000,0,20000000,0,0,0,0,0,0,0,7868718,0,206028320,8,206028320,8,0,0,0,0,0,0,0,0,2605636944,1366581276,721553189,5,40752772,20447492,57164200,69,1155796,0,0,643507,53912159,0,58442475,0,0,79389743,41,3765193,3807830,0,68536935,41,0,0,0,0,0,0,0,0,0,0,0,3279785,0,152398111,8,152398111,8,0,0,0
TR,Turquie,Asie,CTR,1390629181,0,0,0,0,0,0,0,0,0,25000000,0,0,0,25000000,0,0,0,0,0,0,0,0,0,0,0,0,0,0,0,0,0,0,170270465,1,5607121,153619953,1,0,1565200,0,0,0,8166277,0,0,0,0,0,0,23506688,20006688,0,0,0,3500000,0,0,0,0,0,0,0,0,0,0,0,0,909020,909020,0,0,0
VD,Vietnam,Asie,CTR,204055574,0,0,0,0,0,0,0,0,0,0,0,0,0,0,0,0,0,0,0,0,0,0,0,0,0,0,0,0,0,0,0,0,16549420,0,0,0,16549420,0,0,0,0,0,0,0,0,0,0,82158615,82158615,0,0,0,0,0,0,0,0,0,0,0,0,0,0,0,0,0,0,0,0,0
ZM,Zambie,Afrique,CTR,675559007,0,0,0,0,0,0,0,0,0,0,0,0,0,0,0,0,0,0,0,0,0,0,2060451,2060451,0,0,0,0,0,0,0,0,23886679,0,0,0,0,0,0,0,0,0,23099357,0,787322,0,0,25175000,25175000,0,0,0,0,0,0,0,0,0,0,0,0,0,0,0,0,0,0,0,0,0
ZW,Zimbabwe,Afrique,CTR,2128020,0,0,0,0,0,0,0,0,0,0,0,0,0,0,0,0,0,0,0,0,0,0,0,0,0,0,0,0,0,0,0,0,1433520,0,1433520,0,0,0,0,0,0,0,0,0,0,0,0,0,0,0,0,0,0,0,0,0,0,0,0,0,0,0,0,0,0,694500,694500,0,0,0
AFR,Afrique,Afrique,CTN,23778475897,0,0,0,0,0,0,0,0,0,999391797,9,600000,0,64691846,211976864,13119140,0,4193291,4000000,0,115462164,9,585348492,0,2283927976,1294807572,127764502,17738433,7,51975000,527212872,6,20842166,198807264,44780166,14,0,14483365984,6097019071,4587378344,305209566,9,167413202,143224540,7,29473333,98000000,15521254,72798777,1063868820,0,624547891,1,0,0,2107999275,228529040,5088230,0,402440447,4,172300000,306078990,1,49144568,5248000,0,34789000,0,5011478,29000000,750000000,13547883,102395257,0,1899096372,1642183942,0,0,256912430
AME,Amérique,Amérique,CTN,14782160177,115013449,0,0,0,0,0,106005316,0,9008133,1359701759,0,0,102775405,553229638,31791566,0,535401539,0,17640000,27712024,91151587,0,242308570,49086744,52985000,1242250,2342242,58263885,7545000,70843449,0,0,8226315322,2386375492,2756258075,52003184,23089410,1,428129384,8,920754017,7,162923170,19633486,9842000,80879307,0,42196075,0,17382270,2123290486,1071197528,0,0,481376338,230698325,28744740,157754014,0,1500000,0,85281562,0,12196096,17920000,630033,6000000,0,652944700,627262160,0,0,25682540
ASI,Asie,Asie,CTN,17688590774,192691451,41000289,0,18704400,0,0,120921200,12065562,0,3863014542,0,0,0,2136947615,73345381,0,23024091,0,750497038,353034041,388548989,6,137617386,716477753,8,346586094,2,0,0,0,150228502,94697994,13,28585926,25,0,96379237,24,7433548184,3254219056,2523320490,64613920,270298150,6,197797850,0,0,10926321,0,354839563,3,0,85395851,0,0,1110536437,240461582,5900000,0,690106049,51722251,68985719,27976269,0,0,0,904252,0,0,24480315,0,0,0,1370924489,1294031143,76893346,0,0
EUR,Europe,Europe,CTN,1,2044E+11,1400764824,0,1668754,54524084,237569903,37552882,1069449201,0,0,9214335173,2623828,50672678,263574059,3862021278,368635849,64667691,1814209042,1967871,1228009533,427841433,1041093830,89018081,11509941762,3956704556,150364524,982433918,14044406,1506151859,2280211071,2563022528,46587712,10421188,65072866990,23458352668,22146694654,664151861,1895750445,1629379502,691311190,2296816261,38606533,142675446,1972276078,106254559,9,1065789424,12964124,2948914724,13950905577,2025515963,94469031,64202413,57,8379456085,410457809,534411897,3,995492099,5,0,5772422,132736340,82349668,0,720023693,14983936,344896040,3,46189640,5050869,6670738702,6557974093,102086876,9496518,1181215
OCE,Océanie,Océanie,CTN,633589655,6,0,0,0,0,0,0,0,0,0,0,0,0,0,0,0,0,0,0,0,0,0,0,45889551,45889551,0,0,0,0,0,0,0,0,559653197,6,262574126,131151368,0,81112969,63,0,9067500,0,0,0,0,0,0,0,0,8000000,8000000,0,0,0,0,0,0,0,0,0,0,0,0,0,0,0,0,10535530,10535530,0,0,0