
 [{"ORD": 1,"CODE":"R02","ADM_NAME":"ABIDJAN 2","GEOLOC":"N/A","LEVEL":"REGION","FLD1": 18,"FLD2": 22,"FLD3": 65,"FLD4": 436,"FLD5": 119,"FLD6": 22},
{"ORD": 2,"CODE":"D76","ADM_NAME":"ABOBO EST","GEOLOC":"YES","LEVEL":"DISTRICT","FLD1": 2,"FLD2": 2,"FLD3": 8,"FLD4": 63,"FLD5": 22,"FLD6": 2},
{"ORD": 3,"CODE":"D77","ADM_NAME":"ABOBO OUEST","GEOLOC":"YES","LEVEL":"DISTRICT","FLD1": 2,"FLD2": 3,"FLD3": 3,"FLD4": 63,"FLD5": 32,"FLD6": 3},
{"ORD": 4,"CODE":"D78","ADM_NAME":"ANYAMA","GEOLOC":"YES","LEVEL":"DISTRICT","FLD1": 1,"FLD2": 4,"FLD3": 9,"FLD4": 51,"FLD5": 13,"FLD6": 1},
{"ORD": 5,"CODE":"D79","ADM_NAME":"COCODY BINGERVILLE","GEOLOC":"YES","LEVEL":"DISTRICT","FLD1": 3,"FLD2": 3,"FLD3": 26,"FLD4": 98,"FLD5": 27,"FLD6": 11},
{"ORD": 6,"CODE":"D80","ADM_NAME":"KOUMASSI-PORT-BOUET-VRIDI","GEOLOC":"YES","LEVEL":"DISTRICT","FLD1": 5,"FLD2": 7,"FLD3": 15,"FLD4": 101,"FLD5": 25,"FLD6": 5},
{"ORD": 7,"CODE":"D81","ADM_NAME":"MARCORY-TREICHVILLE","GEOLOC":"YES","LEVEL":"DISTRICT","FLD1": 5,"FLD2": 3,"FLD3": 4,"FLD4": 60,"FLD5": 0,"FLD6": 0},
{"ORD": 8,"CODE":"R01","ADM_NAME":"ABIDJAN 1-GRANDS PONTS","GEOLOC":"N/A","LEVEL":"REGION","FLD1": 9,"FLD2": 18,"FLD3": 70,"FLD4": 221,"FLD5": 120,"FLD6": 18},
{"ORD": 9,"CODE":"D82","ADM_NAME":"ADJAME-PLATEAU-ATTECOUBE","GEOLOC":"YES","LEVEL":"DISTRICT","FLD1": 1,"FLD2": 5,"FLD3": 4,"FLD4": 114,"FLD5": 42,"FLD6": 11},
{"ORD": 10,"CODE":"D26","ADM_NAME":"DABOU","GEOLOC":"YES","LEVEL":"DISTRICT","FLD1": 1,"FLD2": 3,"FLD3": 13,"FLD4": 19,"FLD5": 22,"FLD6": 2},
{"ORD": 11,"CODE":"D38","ADM_NAME":"GRAND-LAHOU","GEOLOC":"YES","LEVEL":"DISTRICT","FLD1": 1,"FLD2": 2,"FLD3": 15,"FLD4": 4,"FLD5": 13,"FLD6": 1},
{"ORD": 12,"CODE":"D43","ADM_NAME":"JACQUEVILLE","GEOLOC":"YES","LEVEL":"DISTRICT","FLD1": 1,"FLD2": 2,"FLD3": 16,"FLD4": 17,"FLD5": 11,"FLD6": 1},
{"ORD": 13,"CODE":"D83","ADM_NAME":"YOPOUGON-EST","GEOLOC":"YES","LEVEL":"DISTRICT","FLD1": 2,"FLD2": 0,"FLD3": 5,"FLD4": 26,"FLD5": 5,"FLD6": 2},
{"ORD": 14,"CODE":"D84","ADM_NAME":"YOPOUGON-OUEST-SONGON","GEOLOC":"YES","LEVEL":"DISTRICT","FLD1": 2,"FLD2": 6,"FLD3": 17,"FLD4": 25,"FLD5": 27,"FLD6": 1},
{"ORD": 15,"CODE":"R03","ADM_NAME":"AGNEBY-TIASSA-ME","GEOLOC":"N/A","LEVEL":"REGION","FLD1": 12,"FLD2": 35,"FLD3": 139,"FLD4": 141,"FLD5": 140,"FLD6": 13},
{"ORD": 16,"CODE":"D05","ADM_NAME":"ADZOPE","GEOLOC":"YES","LEVEL":"DISTRICT","FLD1": 1,"FLD2": 5,"FLD3": 28,"FLD4": 10,"FLD5": 31,"FLD6": 2},
{"ORD": 17,"CODE":"D06","ADM_NAME":"AGBOVILLE","GEOLOC":"YES","LEVEL":"DISTRICT","FLD1": 2,"FLD2": 10,"FLD3": 33,"FLD4": 38,"FLD5": 22,"FLD6": 2},
{"ORD": 18,"CODE":"D08","ADM_NAME":"AKOUPE","GEOLOC":"YES","LEVEL":"DISTRICT","FLD1": 2,"FLD2": 6,"FLD3": 12,"FLD4": 16,"FLD5": 17,"FLD6": 3},
{"ORD": 19,"CODE":"D09","ADM_NAME":"ALEPE","GEOLOC":"YES","LEVEL":"DISTRICT","FLD1": 2,"FLD2": 4,"FLD3": 12,"FLD4": 15,"FLD5": 17,"FLD6": 1},
{"ORD": 20,"CODE":"D61","ADM_NAME":"SIKENSI","GEOLOC":"YES","LEVEL":"DISTRICT","FLD1": 1,"FLD2": 2,"FLD3": 14,"FLD4": 7,"FLD5": 16,"FLD6": 2},
{"ORD": 21,"CODE":"D67","ADM_NAME":"TIASSALE","GEOLOC":"YES","LEVEL":"DISTRICT","FLD1": 2,"FLD2": 8,"FLD3": 39,"FLD4": 46,"FLD5": 37,"FLD6": 3},
{"ORD": 22,"CODE":"R04","ADM_NAME":"BELIER","GEOLOC":"N/A","LEVEL":"REGION","FLD1": 8,"FLD2": 41,"FLD3": 121,"FLD4": 114,"FLD5": 103,"FLD6": 8},
{"ORD": 23,"CODE":"D30","ADM_NAME":"DIDIEVI","GEOLOC":"YES","LEVEL":"DISTRICT","FLD1": 1,"FLD2": 8,"FLD3": 21,"FLD4": 14,"FLD5": 19,"FLD6": 5},
{"ORD": 24,"CODE":"D68","ADM_NAME":"TIEBISSOU","GEOLOC":"YES","LEVEL":"DISTRICT","FLD1": 1,"FLD2": 5,"FLD3": 29,"FLD4": 14,"FLD5": 22,"FLD6": 1},
{"ORD": 25,"CODE":"D71","ADM_NAME":"TOUMODI","GEOLOC":"YES","LEVEL":"DISTRICT","FLD1": 1,"FLD2": 12,"FLD3": 37,"FLD4": 34,"FLD5": 29,"FLD6": 1},
{"ORD": 26,"CODE":"D73","ADM_NAME":"YAMOUSSOUKRO","GEOLOC":"YES","LEVEL":"DISTRICT","FLD1": 1,"FLD2": 16,"FLD3": 33,"FLD4": 42,"FLD5": 33,"FLD6": 1},
{"ORD": 27,"CODE":"R05","ADM_NAME":"BOUNKANI-GONTOUGO","GEOLOC":"N/A","LEVEL":"REGION","FLD1": 13,"FLD2": 38,"FLD3": 124,"FLD4": 69,"FLD5": 198,"FLD6": 13},
{"ORD": 28,"CODE":"D15","ADM_NAME":"BONDOUKOU","GEOLOC":"YES","LEVEL":"DISTRICT","FLD1": 5,"FLD2": 9,"FLD3": 43,"FLD4": 14,"FLD5": 68,"FLD6": 3},
{"ORD": 29,"CODE":"D22","ADM_NAME":"BOUNA","GEOLOC":"YES","LEVEL":"DISTRICT","FLD1": 2,"FLD2": 10,"FLD3": 33,"FLD4": 21,"FLD5": 51,"FLD6": 5},
{"ORD": 30,"CODE":"D52","ADM_NAME":"NASSIAN","GEOLOC":"YES","LEVEL":"DISTRICT","FLD1": 1,"FLD2": 2,"FLD3": 14,"FLD4": 7,"FLD5": 14,"FLD6": 1},
{"ORD": 31,"CODE":"D65","ADM_NAME":"TANDA","GEOLOC":"YES","LEVEL":"DISTRICT","FLD1": 2,"FLD2": 17,"FLD3": 32,"FLD4": 22,"FLD5": 65,"FLD6": 4},
{"ORD": 32,"CODE":"R06","ADM_NAME":"CAVALLY-GUEMON","GEOLOC":"N/A","LEVEL":"REGION","FLD1": 14,"FLD2": 19,"FLD3": 138,"FLD4": 109,"FLD5": 129,"FLD6": 20},
{"ORD": 33,"CODE":"D10","ADM_NAME":"BANGOLO","GEOLOC":"YES","LEVEL":"DISTRICT","FLD1": 2,"FLD2": 0,"FLD3": 25,"FLD4": 19,"FLD5": 21,"FLD6": 2},
{"ORD": 34,"CODE":"D13","ADM_NAME":"BLOLEQUIN","GEOLOC":"YES","LEVEL":"DISTRICT","FLD1": 2,"FLD2": 3,"FLD3": 16,"FLD4": 19,"FLD5": 12,"FLD6": 4},
{"ORD": 35,"CODE":"D33","ADM_NAME":"DUEKOUE","GEOLOC":"YES","LEVEL":"DISTRICT","FLD1": 3,"FLD2": 5,"FLD3": 29,"FLD4": 17,"FLD5": 33,"FLD6": 1},
{"ORD": 36,"CODE":"D40","ADM_NAME":"GUIGLO","GEOLOC":"YES","LEVEL":"DISTRICT","FLD1": 2,"FLD2": 3,"FLD3": 29,"FLD4": 7,"FLD5": 22,"FLD6": 6},
{"ORD": 37,"CODE":"D46","ADM_NAME":"KOUIBLY","GEOLOC":"YES","LEVEL":"DISTRICT","FLD1": 1,"FLD2": 5,"FLD3": 18,"FLD4": 17,"FLD5": 25,"FLD6": 5},
{"ORD": 38,"CODE":"D70","ADM_NAME":"TOULEPLEU","GEOLOC":"YES","LEVEL":"DISTRICT","FLD1": 2,"FLD2": 3,"FLD3": 19,"FLD4": 17,"FLD5": 16,"FLD6": 2},
{"ORD": 39,"CODE":"R07","ADM_NAME":"GBEKE","GEOLOC":"N/A","LEVEL":"REGION","FLD1": 15,"FLD2": 22,"FLD3": 105,"FLD4": 158,"FLD5": 135,"FLD6": 38},
{"ORD": 40,"CODE":"D20","ADM_NAME":"BEOUMI","GEOLOC":"YES","LEVEL":"DISTRICT","FLD1": 1,"FLD2": 5,"FLD3": 29,"FLD4": 16,"FLD5": 34,"FLD6": 2},
{"ORD": 41,"CODE":"D17","ADM_NAME":"BOUAKE NORD-EST","GEOLOC":"YES","LEVEL":"DISTRICT","FLD1": 2,"FLD2": 4,"FLD3": 9,"FLD4": 20,"FLD5": 14,"FLD6": 18},
{"ORD": 42,"CODE":"D18","ADM_NAME":"BOUAKE NORD-OUEST","GEOLOC":"YES","LEVEL":"DISTRICT","FLD1": 7,"FLD2": 4,"FLD3": 34,"FLD4": 87,"FLD5": 47,"FLD6": 13},
{"ORD": 43,"CODE":"D19","ADM_NAME":"BOUAKE-SUD","GEOLOC":"YES","LEVEL":"DISTRICT","FLD1": 1,"FLD2": 0,"FLD3": 9,"FLD4": 18,"FLD5": 18,"FLD6": 2},
{"ORD": 44,"CODE":"D21","ADM_NAME":"SAKASSOU","GEOLOC":"YES","LEVEL":"DISTRICT","FLD1": 1,"FLD2": 9,"FLD3": 23,"FLD4": 3,"FLD5": 21,"FLD6": 3},
{"ORD": 45,"CODE":"R08","ADM_NAME":"GBOKLE-NAWA-SAN-PEDRO","GEOLOC":"N/A","LEVEL":"REGION","FLD1": 11,"FLD2": 36,"FLD3": 133,"FLD4": 106,"FLD5": 137,"FLD6": 13},
{"ORD": 46,"CODE":"D39","ADM_NAME":"GUEYO","GEOLOC":"YES","LEVEL":"DISTRICT","FLD1": 2,"FLD2": 2,"FLD3": 12,"FLD4": 19,"FLD5": 3,"FLD6": 0},
{"ORD": 47,"CODE":"D58","ADM_NAME":"SAN-PEDRO","GEOLOC":"YES","LEVEL":"DISTRICT","FLD1": 4,"FLD2": 13,"FLD3": 25,"FLD4": 40,"FLD5": 29,"FLD6": 2},
{"ORD": 48,"CODE":"D59","ADM_NAME":"SASSANDRA","GEOLOC":"YES","LEVEL":"DISTRICT","FLD1": 0,"FLD2": 8,"FLD3": 27,"FLD4": 10,"FLD5": 20,"FLD6": 2},
{"ORD": 49,"CODE":"D63","ADM_NAME":"SOUBRE","GEOLOC":"YES","LEVEL":"DISTRICT","FLD1": 0,"FLD2": 10,"FLD3": 48,"FLD4": 22,"FLD5": 60,"FLD6": 8},
{"ORD": 50,"CODE":"D64","ADM_NAME":"TABOU","GEOLOC":"YES","LEVEL":"DISTRICT","FLD1": 3,"FLD2": 3,"FLD3": 20,"FLD4": 6,"FLD5": 25,"FLD6": 1},
{"ORD": 51,"CODE":"R09","ADM_NAME":"GÔH","GEOLOC":"N/A","LEVEL":"REGION","FLD1": 5,"FLD2": 13,"FLD3": 110,"FLD4": 89,"FLD5": 162,"FLD6": 12},
{"ORD": 52,"CODE":"D36","ADM_NAME":"GAGNOA","GEOLOC":"YES","LEVEL":"DISTRICT","FLD1": 2,"FLD2": 7,"FLD3": 83,"FLD4": 62,"FLD5": 132,"FLD6": 7},
{"ORD": 53,"CODE":"D56","ADM_NAME":"OUME","GEOLOC":"YES","LEVEL":"DISTRICT","FLD1": 1,"FLD2": 6,"FLD3": 26,"FLD4": 17,"FLD5": 29,"FLD6": 5},
{"ORD": 54,"CODE":"R10","ADM_NAME":"HAMBOL","GEOLOC":"N/A","LEVEL":"REGION","FLD1": 4,"FLD2": 14,"FLD3": 73,"FLD4": 50,"FLD5": 57,"FLD6": 12},
{"ORD": 55,"CODE":"D25","ADM_NAME":"DABAKALA","GEOLOC":"YES","LEVEL":"DISTRICT","FLD1": 2,"FLD2": 6,"FLD3": 27,"FLD4": 16,"FLD5": 23,"FLD6": 1},
{"ORD": 56,"CODE":"D44","ADM_NAME":"KATIOLA","GEOLOC":"YES","LEVEL":"DISTRICT","FLD1": 2,"FLD2": 4,"FLD3": 29,"FLD4": 25,"FLD5": 20,"FLD6": 6},
{"ORD": 57,"CODE":"D53","ADM_NAME":"Niakaramandougou","GEOLOC":"YES","LEVEL":"DISTRICT","FLD1": 0,"FLD2": 4,"FLD3": 17,"FLD4": 9,"FLD5": 14,"FLD6": 5},
{"ORD": 58,"CODE":"R11","ADM_NAME":"HAUT SASSANDRA","GEOLOC":"N/A","LEVEL":"REGION","FLD1": 8,"FLD2": 19,"FLD3": 116,"FLD4": 83,"FLD5": 125,"FLD6": 13},
{"ORD": 59,"CODE":"D27","ADM_NAME":"DALOA","GEOLOC":"YES","LEVEL":"DISTRICT","FLD1": 4,"FLD2": 8,"FLD3": 56,"FLD4": 54,"FLD5": 72,"FLD6": 10},
{"ORD": 60,"CODE":"D42","ADM_NAME":"ISSIA","GEOLOC":"YES","LEVEL":"DISTRICT","FLD1": 2,"FLD2": 4,"FLD3": 27,"FLD4": 8,"FLD5": 25,"FLD6": 2},
{"ORD": 61,"CODE":"D72","ADM_NAME":"VAVOUA","GEOLOC":"YES","LEVEL":"DISTRICT","FLD1": 1,"FLD2": 7,"FLD3": 31,"FLD4": 14,"FLD5": 28,"FLD6": 1},
{"ORD": 62,"CODE":"R12","ADM_NAME":"INDENIE DUABLIN","GEOLOC":"N/A","LEVEL":"REGION","FLD1": 10,"FLD2": 22,"FLD3": 65,"FLD4": 52,"FLD5": 82,"FLD6": 2},
{"ORD": 63,"CODE":"D01","ADM_NAME":"ABENGOUROU","GEOLOC":"YES","LEVEL":"DISTRICT","FLD1": 7,"FLD2": 13,"FLD3": 33,"FLD4": 26,"FLD5": 52,"FLD6": 2},
{"ORD": 64,"CODE":"D07","ADM_NAME":"AGNIBILEKROU","GEOLOC":"YES","LEVEL":"DISTRICT","FLD1": 1,"FLD2": 6,"FLD3": 19,"FLD4": 13,"FLD5": 18,"FLD6": 0},
{"ORD": 65,"CODE":"D11","ADM_NAME":"BETTIE","GEOLOC":"YES","LEVEL":"DISTRICT","FLD1": 1,"FLD2": 3,"FLD3": 10,"FLD4": 8,"FLD5": 12,"FLD6": 0},
{"ORD": 66,"CODE":"R13","ADM_NAME":"KABADOUGOU-BAFING-FOLON","GEOLOC":"N/A","LEVEL":"REGION","FLD1": 9,"FLD2": 52,"FLD3": 105,"FLD4": 82,"FLD5": 93,"FLD6": 61},
{"ORD": 67,"CODE":"D51","ADM_NAME":"MINIGNAN","GEOLOC":"YES","LEVEL":"DISTRICT","FLD1": 1,"FLD2": 8,"FLD3": 29,"FLD4": 12,"FLD5": 10,"FLD6": 21},
{"ORD": 68,"CODE":"D54","ADM_NAME":"ODIENNE","GEOLOC":"YES","LEVEL":"DISTRICT","FLD1": 4,"FLD2": 31,"FLD3": 41,"FLD4": 28,"FLD5": 64,"FLD6": 4},
{"ORD": 69,"CODE":"D69","ADM_NAME":"TOUBA","GEOLOC":"YES","LEVEL":"DISTRICT","FLD1": 2,"FLD2": 13,"FLD3": 34,"FLD4": 35,"FLD5": 19,"FLD6": 36},
{"ORD": 70,"CODE":"R14","ADM_NAME":"LÔH-DJIBOUA","GEOLOC":"N/A","LEVEL":"REGION","FLD1": 9,"FLD2": 19,"FLD3": 109,"FLD4": 76,"FLD5": 100,"FLD6": 7},
{"ORD": 71,"CODE":"D32","ADM_NAME":"DIVO","GEOLOC":"YES","LEVEL":"DISTRICT","FLD1": 5,"FLD2": 9,"FLD3": 41,"FLD4": 21,"FLD5": 44,"FLD6": 4},
{"ORD": 72,"CODE":"D35","ADM_NAME":"FRESCO","GEOLOC":"YES","LEVEL":"DISTRICT","FLD1": 1,"FLD2": 3,"FLD3": 16,"FLD4": 15,"FLD5": 18,"FLD6": 2},
{"ORD": 73,"CODE":"D41","ADM_NAME":"GUITRY","GEOLOC":"YES","LEVEL":"DISTRICT","FLD1": 1,"FLD2": 4,"FLD3": 22,"FLD4": 21,"FLD5": 15,"FLD6": 0},
{"ORD": 74,"CODE":"D47","ADM_NAME":"LAKOTA","GEOLOC":"YES","LEVEL":"DISTRICT","FLD1": 1,"FLD2": 3,"FLD3": 30,"FLD4": 14,"FLD5": 23,"FLD6": 1},
{"ORD": 75,"CODE":"R15","ADM_NAME":"MARAHOUE","GEOLOC":"N/A","LEVEL":"REGION","FLD1": 7,"FLD2": 19,"FLD3": 89,"FLD4": 55,"FLD5": 96,"FLD6": 4},
{"ORD": 76,"CODE":"D16","ADM_NAME":"BOUAFLE","GEOLOC":"YES","LEVEL":"DISTRICT","FLD1": 2,"FLD2": 7,"FLD3": 43,"FLD4": 6,"FLD5": 35,"FLD6": 1},
{"ORD": 77,"CODE":"D62","ADM_NAME":"SINFRA","GEOLOC":"YES","LEVEL":"DISTRICT","FLD1": 2,"FLD2": 5,"FLD3": 19,"FLD4": 21,"FLD5": 23,"FLD6": 2},
{"ORD": 78,"CODE":"D75","ADM_NAME":"ZUENOULA","GEOLOC":"YES","LEVEL":"DISTRICT","FLD1": 2,"FLD2": 7,"FLD3": 26,"FLD4": 22,"FLD5": 38,"FLD6": 1},
{"ORD": 79,"CODE":"R16","ADM_NAME":"N'ZI-IFFOU","GEOLOC":"N/A","LEVEL":"REGION","FLD1": 9,"FLD2": 37,"FLD3": 150,"FLD4": 118,"FLD5": 119,"FLD6": 34},
{"ORD": 80,"CODE":"D14","ADM_NAME":"BOCANDA","GEOLOC":"YES","LEVEL":"DISTRICT","FLD1": 1,"FLD2": 4,"FLD3": 19,"FLD4": 18,"FLD5": 22,"FLD6": 5},
{"ORD": 81,"CODE":"D24","ADM_NAME":"BONGOUANOU","GEOLOC":"YES","LEVEL":"DISTRICT","FLD1": 2,"FLD2": 21,"FLD3": 48,"FLD4": 33,"FLD5": 32,"FLD6": 17},
{"ORD": 82,"CODE":"D29","ADM_NAME":"DAOUKRO","GEOLOC":"YES","LEVEL":"DISTRICT","FLD1": 2,"FLD2": 6,"FLD3": 34,"FLD4": 20,"FLD5": 24,"FLD6": 3},
{"ORD": 83,"CODE":"D31","ADM_NAME":"DIMBOKRO","GEOLOC":"YES","LEVEL":"DISTRICT","FLD1": 2,"FLD2": 3,"FLD3": 25,"FLD4": 26,"FLD5": 14,"FLD6": 1},
{"ORD": 84,"CODE":"D50","ADM_NAME":"M'BAHIAKRO","GEOLOC":"YES","LEVEL":"DISTRICT","FLD1": 1,"FLD2": 2,"FLD3": 11,"FLD4": 4,"FLD5": 13,"FLD6": 4},
{"ORD": 85,"CODE":"D57","ADM_NAME":"PRIKRO","GEOLOC":"YES","LEVEL":"DISTRICT","FLD1": 0,"FLD2": 1,"FLD3": 10,"FLD4": 5,"FLD5": 13,"FLD6": 4},
{"ORD": 86,"CODE":"R17","ADM_NAME":"PORO-TCHOLOGO-BAGOUE","GEOLOC":"N/A","LEVEL":"REGION","FLD1": 13,"FLD2": 72,"FLD3": 140,"FLD4": 81,"FLD5": 177,"FLD6": 16},
{"ORD": 87,"CODE":"D23","ADM_NAME":"BOUNDIALI","GEOLOC":"YES","LEVEL":"DISTRICT","FLD1": 2,"FLD2": 16,"FLD3": 26,"FLD4": 13,"FLD5": 35,"FLD6": 0},
{"ORD": 88,"CODE":"D34","ADM_NAME":"FERKESSEDOUGOU","GEOLOC":"YES","LEVEL":"DISTRICT","FLD1": 4,"FLD2": 13,"FLD3": 30,"FLD4": 24,"FLD5": 30,"FLD6": 10},
{"ORD": 89,"CODE":"D45","ADM_NAME":"KORHOGO","GEOLOC":"YES","LEVEL":"DISTRICT","FLD1": 1,"FLD2": 28,"FLD3": 52,"FLD4": 10,"FLD5": 75,"FLD6": 0},
{"ORD": 90,"CODE":"D55","ADM_NAME":"OUANGOLODOUGOU","GEOLOC":"YES","LEVEL":"DISTRICT","FLD1": 2,"FLD2": 10,"FLD3": 17,"FLD4": 19,"FLD5": 24,"FLD6": 3},
{"ORD": 91,"CODE":"D66","ADM_NAME":"TENGRELA","GEOLOC":"YES","LEVEL":"DISTRICT","FLD1": 1,"FLD2": 5,"FLD3": 13,"FLD4": 4,"FLD5": 13,"FLD6": 2},
{"ORD": 92,"CODE":"R18","ADM_NAME":"SUD-COMOE","GEOLOC":"N/A","LEVEL":"REGION","FLD1": 8,"FLD2": 32,"FLD3": 57,"FLD4": 86,"FLD5": 86,"FLD6": 10},
{"ORD": 93,"CODE":"D03","ADM_NAME":"ABOISSO","GEOLOC":"YES","LEVEL":"DISTRICT","FLD1": 3,"FLD2": 19,"FLD3": 33,"FLD4": 49,"FLD5": 50,"FLD6": 4},
{"ORD": 94,"CODE":"D04","ADM_NAME":"ADIAKE","GEOLOC":"YES","LEVEL":"DISTRICT","FLD1": 2,"FLD2": 6,"FLD3": 19,"FLD4": 7,"FLD5": 23,"FLD6": 4},
{"ORD": 95,"CODE":"D37","ADM_NAME":"GRAND-BASSAM","GEOLOC":"YES","LEVEL":"DISTRICT","FLD1": 1,"FLD2": 7,"FLD3": 4,"FLD4": 16,"FLD5": 13,"FLD6": 2},
{"ORD": 96,"CODE":"R19","ADM_NAME":"TONKPI","GEOLOC":"N/A","LEVEL":"REGION","FLD1": 12,"FLD2": 20,"FLD3": 88,"FLD4": 64,"FLD5": 131,"FLD6": 23},
{"ORD": 97,"CODE":"D12","ADM_NAME":"BIANKOUMA","GEOLOC":"YES","LEVEL":"DISTRICT","FLD1": 2,"FLD2": 4,"FLD3": 21,"FLD4": 14,"FLD5": 35,"FLD6": 12},
{"ORD": 98,"CODE":"D28","ADM_NAME":"DANANE","GEOLOC":"YES","LEVEL":"DISTRICT","FLD1": 2,"FLD2": 3,"FLD3": 20,"FLD4": 22,"FLD5": 24,"FLD6": 3},
{"ORD": 99,"CODE":"D48","ADM_NAME":"MAN","GEOLOC":"YES","LEVEL":"DISTRICT","FLD1": 5,"FLD2": 7,"FLD3": 23,"FLD4": 16,"FLD5": 44,"FLD6": 4},
{"ORD": 100,"CODE":"D74","ADM_NAME":"ZOUAN-HOUNIEN","GEOLOC":"YES","LEVEL":"DISTRICT","FLD1": 1,"FLD2": 6,"FLD3": 23,"FLD4": 7,"FLD5": 28,"FLD6": 4},
{"ORD": 101,"CODE":"R20","ADM_NAME":"WORODOUGOU-BERE","GEOLOC":"N/A","LEVEL":"REGION","FLD1": 0,"FLD2": 26,"FLD3": 60,"FLD4": 50,"FLD5": 70,"FLD6": 7},
{"ORD": 102,"CODE":"D49","ADM_NAME":"MANKONO","GEOLOC":"YES","LEVEL":"DISTRICT","FLD1": 0,"FLD2": 10,"FLD3": 24,"FLD4": 18,"FLD5": 29,"FLD6": 4},
{"ORD": 103,"CODE":"D60","ADM_NAME":"SEGUELA","GEOLOC":"YES","LEVEL":"DISTRICT","FLD1": 0,"FLD2": 16,"FLD3": 35,"FLD4": 26,"FLD5": 41,"FLD6": 3},
{"ORD": 104,"CODE":"P01","ADM_NAME":"TOTAL CI","GEOLOC":"N/A","LEVEL":"PAYS","FLD1": 172,"FLD2": 536,"FLD3": 1919,"FLD4": 2067,"FLD5": 2164,"FLD6": 303}]


