[{"ORD":1, "CODE":"R02", "ADM_NAME":"ABIDJAN 2", "GEOLOC":"N/A", "LEVEL":"REGION", "FLD1":21, "FLD2":120, "FLD3":141, "FLD4":8, "FLD5":1, "FLD6":9, "FLD7":0, "FLD8":9, "FLD9":2, "FLD10":110, "FLD11":70, "FLD12":264, "FLD13":152, "FLD14":150},
{"ORD":2, "CODE":"D76", "ADM_NAME":"ABOBO EST", "GEOLOC":"YES", "LEVEL":"DISTRICT", "FLD1":1, "FLD2":30, "FLD3":31, "FLD4":1, "FLD5":0, "FLD6":1, "FLD7":0, "FLD8":1, "FLD9":0, "FLD10":25, "FLD11":12, "FLD12":38, "FLD13":32, "FLD14":32},
{"ORD":3, "CODE":"D77", "ADM_NAME":"ABOBO OUEST", "GEOLOC":"YES", "LEVEL":"DISTRICT", "FLD1":0, "FLD2":11, "FLD3":11, "FLD4":1, "FLD5":0, "FLD6":1, "FLD7":0, "FLD8":1, "FLD9":0, "FLD10":10, "FLD11":8, "FLD12":14, "FLD13":12, "FLD14":12},
{"ORD":4, "CODE":"D78", "ADM_NAME":"ANYAMA", "GEOLOC":"YES", "LEVEL":"DISTRICT", "FLD1":12, "FLD2":5, "FLD3":17, "FLD4":1, "FLD5":1, "FLD6":2, "FLD7":0, "FLD8":2, "FLD9":0, "FLD10":18, "FLD11":6, "FLD12":9, "FLD13":19, "FLD14":19},
{"ORD":5, "CODE":"D79", "ADM_NAME":"COCODY BINGERVILLE", "GEOLOC":"YES", "LEVEL":"DISTRICT", "FLD1":4, "FLD2":22, "FLD3":26, "FLD4":1, "FLD5":0, "FLD6":1, "FLD7":0, "FLD8":1, "FLD9":1, "FLD10":23, "FLD11":8, "FLD12":102, "FLD13":28, "FLD14":27},
{"ORD":6, "CODE":"D80", "ADM_NAME":"KOUMASSI-PORT-BOUET-VRIDI", "GEOLOC":"YES", "LEVEL":"DISTRICT", "FLD1":4, "FLD2":29, "FLD3":33, "FLD4":2, "FLD5":0, "FLD6":2, "FLD7":0, "FLD8":2, "FLD9":0, "FLD10":23, "FLD11":29, "FLD12":47, "FLD13":35, "FLD14":35},
{"ORD":7, "CODE":"D81", "ADM_NAME":"MARCORY-TREICHVILLE", "GEOLOC":"YES", "LEVEL":"DISTRICT", "FLD1":0, "FLD2":23, "FLD3":23, "FLD4":2, "FLD5":0, "FLD6":2, "FLD7":0, "FLD8":2, "FLD9":1, "FLD10":11, "FLD11":7, "FLD12":54, "FLD13":26, "FLD14":25},
{"ORD":8, "CODE":"R01", "ADM_NAME":"ABIDJAN 1-GRANDS PONTS", "GEOLOC":"N/A", "LEVEL":"REGION", "FLD1":57, "FLD2":62, "FLD3":119, "FLD4":5, "FLD5":2, "FLD6":7, "FLD7":0, "FLD8":7, "FLD9":1, "FLD10":86, "FLD11":38, "FLD12":215, "FLD13":127, "FLD14":126},
{"ORD":9, "CODE":"D82", "ADM_NAME":"ADJAME-PLATEAU-ATTECOUBE", "GEOLOC":"YES", "LEVEL":"DISTRICT", "FLD1":0, "FLD2":21, "FLD3":21, "FLD4":1, "FLD5":0, "FLD6":1, "FLD7":0, "FLD8":1, "FLD9":0, "FLD10":10, "FLD11":12, "FLD12":58, "FLD13":22, "FLD14":22},
{"ORD":10, "CODE":"D26", "ADM_NAME":"DABOU", "GEOLOC":"YES", "LEVEL":"DISTRICT", "FLD1":23, "FLD2":4, "FLD3":27, "FLD4":1, "FLD5":2, "FLD6":3, "FLD7":0, "FLD8":3, "FLD9":0, "FLD10":25, "FLD11":2, "FLD12":7, "FLD13":30, "FLD14":30},
{"ORD":11, "CODE":"D38", "ADM_NAME":"GRAND-LAHOU", "GEOLOC":"YES", "LEVEL":"DISTRICT", "FLD1":11, "FLD2":3, "FLD3":14, "FLD4":1, "FLD5":0, "FLD6":1, "FLD7":0, "FLD8":1, "FLD9":0, "FLD10":12, "FLD11":2, "FLD12":2, "FLD13":15, "FLD14":15},
{"ORD":12, "CODE":"D43", "ADM_NAME":"JACQUEVILLE", "GEOLOC":"YES", "LEVEL":"DISTRICT", "FLD1":15, "FLD2":3, "FLD3":18, "FLD4":1, "FLD5":0, "FLD6":1, "FLD7":0, "FLD8":1, "FLD9":0, "FLD10":12, "FLD11":2, "FLD12":3, "FLD13":19, "FLD14":19},
{"ORD":13, "CODE":"D83", "ADM_NAME":"YOPOUGON-EST", "GEOLOC":"YES", "LEVEL":"DISTRICT", "FLD1":0, "FLD2":16, "FLD3":16, "FLD4":0, "FLD5":0, "FLD6":0, "FLD7":0, "FLD8":0, "FLD9":0, "FLD10":7, "FLD11":6, "FLD12":10, "FLD13":16, "FLD14":16},
{"ORD":14, "CODE":"D84", "ADM_NAME":"YOPOUGON-OUEST-SONGON", "GEOLOC":"YES", "LEVEL":"DISTRICT", "FLD1":8, "FLD2":15, "FLD3":23, "FLD4":1, "FLD5":0, "FLD6":1, "FLD7":0, "FLD8":1, "FLD9":1, "FLD10":20, "FLD11":14, "FLD12":135, "FLD13":25, "FLD14":24},
{"ORD":15, "CODE":"R03", "ADM_NAME":"AGNEBY-TIASSA-ME", "GEOLOC":"N/A", "LEVEL":"REGION", "FLD1":90, "FLD2":40, "FLD3":130, "FLD4":7, "FLD5":2, "FLD6":9, "FLD7":1, "FLD8":10, "FLD9":0, "FLD10":87, "FLD11":15, "FLD12":48, "FLD13":140, "FLD14":140},
{"ORD":16, "CODE":"D05", "ADM_NAME":"ADZOPE", "GEOLOC":"YES", "LEVEL":"DISTRICT", "FLD1":15, "FLD2":7, "FLD3":22, "FLD4":1, "FLD5":0, "FLD6":1, "FLD7":0, "FLD8":1, "FLD9":0, "FLD10":10, "FLD11":2, "FLD12":6, "FLD13":23, "FLD14":23},
{"ORD":17, "CODE":"D06", "ADM_NAME":"AGBOVILLE", "GEOLOC":"YES", "LEVEL":"DISTRICT", "FLD1":25, "FLD2":10, "FLD3":35, "FLD4":0, "FLD5":0, "FLD6":0, "FLD7":1, "FLD8":1, "FLD9":0, "FLD10":21, "FLD11":2, "FLD12":9, "FLD13":36, "FLD14":36},
{"ORD":18, "CODE":"D08", "ADM_NAME":"AKOUPE", "GEOLOC":"YES", "LEVEL":"DISTRICT", "FLD1":11, "FLD2":5, "FLD3":16, "FLD4":2, "FLD5":0, "FLD6":2, "FLD7":0, "FLD8":2, "FLD9":0, "FLD10":16, "FLD11":3, "FLD12":4, "FLD13":18, "FLD14":18},
{"ORD":19, "CODE":"D09", "ADM_NAME":"ALEPE", "GEOLOC":"YES", "LEVEL":"DISTRICT", "FLD1":11, "FLD2":8, "FLD3":19, "FLD4":1, "FLD5":1, "FLD6":2, "FLD7":0, "FLD8":2, "FLD9":0, "FLD10":15, "FLD11":2, "FLD12":19, "FLD13":21, "FLD14":21},
{"ORD":20, "CODE":"D61", "ADM_NAME":"SIKENSI", "GEOLOC":"YES", "LEVEL":"DISTRICT", "FLD1":9, "FLD2":1, "FLD3":10, "FLD4":1, "FLD5":0, "FLD6":1, "FLD7":0, "FLD8":1, "FLD9":0, "FLD10":9, "FLD11":2, "FLD12":2, "FLD13":11, "FLD14":11},
{"ORD":21, "CODE":"D67", "ADM_NAME":"TIASSALE", "GEOLOC":"YES", "LEVEL":"DISTRICT", "FLD1":19, "FLD2":9, "FLD3":28, "FLD4":2, "FLD5":1, "FLD6":3, "FLD7":0, "FLD8":3, "FLD9":0, "FLD10":16, "FLD11":4, "FLD12":8, "FLD13":31, "FLD14":31},
{"ORD":22, "CODE":"R04", "ADM_NAME":"BELIER", "GEOLOC":"N/A", "LEVEL":"REGION", "FLD1":79, "FLD2":17, "FLD3":96, "FLD4":4, "FLD5":2, "FLD6":6, "FLD7":1, "FLD8":7, "FLD9":0, "FLD10":75, "FLD11":15, "FLD12":26, "FLD13":103, "FLD14":103},
{"ORD":23, "CODE":"D30", "ADM_NAME":"DIDIEVI", "GEOLOC":"YES", "LEVEL":"DISTRICT", "FLD1":13, "FLD2":2, "FLD3":15, "FLD4":1, "FLD5":0, "FLD6":1, "FLD7":0, "FLD8":1, "FLD9":0, "FLD10":10, "FLD11":3, "FLD12":1, "FLD13":16, "FLD14":16},
{"ORD":24, "CODE":"D68", "ADM_NAME":"TIEBISSOU", "GEOLOC":"YES", "LEVEL":"DISTRICT", "FLD1":20, "FLD2":3, "FLD3":23, "FLD4":1, "FLD5":0, "FLD6":1, "FLD7":0, "FLD8":1, "FLD9":0, "FLD10":15, "FLD11":2, "FLD12":2, "FLD13":24, "FLD14":24},
{"ORD":25, "CODE":"D71", "ADM_NAME":"TOUMODI", "GEOLOC":"YES", "LEVEL":"DISTRICT", "FLD1":19, "FLD2":4, "FLD3":23, "FLD4":2, "FLD5":1, "FLD6":3, "FLD7":0, "FLD8":3, "FLD9":0, "FLD10":25, "FLD11":5, "FLD12":4, "FLD13":26, "FLD14":26},
{"ORD":26, "CODE":"D73", "ADM_NAME":"YAMOUSSOUKRO", "GEOLOC":"YES", "LEVEL":"DISTRICT", "FLD1":27, "FLD2":8, "FLD3":35, "FLD4":0, "FLD5":1, "FLD6":1, "FLD7":1, "FLD8":2, "FLD9":0, "FLD10":25, "FLD11":5, "FLD12":19, "FLD13":37, "FLD14":37},
{"ORD":27, "CODE":"R05", "ADM_NAME":"BOUNKANI-GONTOUGO", "GEOLOC":"N/A", "LEVEL":"REGION", "FLD1":135, "FLD2":31, "FLD3":166, "FLD4":5, "FLD5":4, "FLD6":9, "FLD7":1, "FLD8":10, "FLD9":0, "FLD10":77, "FLD11":10, "FLD12":7, "FLD13":176, "FLD14":176},
{"ORD":28, "CODE":"D15", "ADM_NAME":"BONDOUKOU", "GEOLOC":"YES", "LEVEL":"DISTRICT", "FLD1":40, "FLD2":14, "FLD3":54, "FLD4":1, "FLD5":2, "FLD6":3, "FLD7":1, "FLD8":4, "FLD9":0, "FLD10":32, "FLD11":2, "FLD12":4, "FLD13":58, "FLD14":58},
{"ORD":29, "CODE":"D22", "ADM_NAME":"BOUNA", "GEOLOC":"YES", "LEVEL":"DISTRICT", "FLD1":31, "FLD2":6, "FLD3":37, "FLD4":1, "FLD5":1, "FLD6":2, "FLD7":0, "FLD8":2, "FLD9":0, "FLD10":10, "FLD11":2, "FLD12":1, "FLD13":39, "FLD14":39},
{"ORD":30, "CODE":"D52", "ADM_NAME":"NASSIAN", "GEOLOC":"YES", "LEVEL":"DISTRICT", "FLD1":8, "FLD2":2, "FLD3":10, "FLD4":1, "FLD5":0, "FLD6":1, "FLD7":0, "FLD8":1, "FLD9":0, "FLD10":6, "FLD11":2, "FLD12":0, "FLD13":11, "FLD14":11},
{"ORD":31, "CODE":"D65", "ADM_NAME":"TANDA", "GEOLOC":"YES", "LEVEL":"DISTRICT", "FLD1":56, "FLD2":9, "FLD3":65, "FLD4":2, "FLD5":1, "FLD6":3, "FLD7":0, "FLD8":3, "FLD9":0, "FLD10":29, "FLD11":4, "FLD12":2, "FLD13":68, "FLD14":68},
{"ORD":32, "CODE":"R06", "ADM_NAME":"CAVALLY-GUEMON", "GEOLOC":"N/A", "LEVEL":"REGION", "FLD1":106, "FLD2":18, "FLD3":124, "FLD4":5, "FLD5":1, "FLD6":6, "FLD7":1, "FLD8":7, "FLD9":0, "FLD10":69, "FLD11":17, "FLD12":15, "FLD13":131, "FLD14":131},
{"ORD":33, "CODE":"D10", "ADM_NAME":"BANGOLO", "GEOLOC":"YES", "LEVEL":"DISTRICT", "FLD1":19, "FLD2":0, "FLD3":19, "FLD4":1, "FLD5":0, "FLD6":1, "FLD7":0, "FLD8":1, "FLD9":0, "FLD10":15, "FLD11":2, "FLD12":1, "FLD13":20, "FLD14":20},
{"ORD":34, "CODE":"D13", "ADM_NAME":"BLOLEQUIN", "GEOLOC":"YES", "LEVEL":"DISTRICT", "FLD1":8, "FLD2":2, "FLD3":10, "FLD4":1, "FLD5":0, "FLD6":1, "FLD7":0, "FLD8":1, "FLD9":0, "FLD10":10, "FLD11":4, "FLD12":1, "FLD13":11, "FLD14":11},
{"ORD":35, "CODE":"D33", "ADM_NAME":"DUEKOUE", "GEOLOC":"YES", "LEVEL":"DISTRICT", "FLD1":29, "FLD2":6, "FLD3":35, "FLD4":1, "FLD5":1, "FLD6":2, "FLD7":0, "FLD8":2, "FLD9":0, "FLD10":21, "FLD11":3, "FLD12":6, "FLD13":37, "FLD14":37},
{"ORD":36, "CODE":"D40", "ADM_NAME":"GUIGLO", "GEOLOC":"YES", "LEVEL":"DISTRICT", "FLD1":17, "FLD2":4, "FLD3":21, "FLD4":0, "FLD5":0, "FLD6":0, "FLD7":1, "FLD8":1, "FLD9":0, "FLD10":7, "FLD11":4, "FLD12":6, "FLD13":22, "FLD14":22},
{"ORD":37, "CODE":"D46", "ADM_NAME":"KOUIBLY", "GEOLOC":"YES", "LEVEL":"DISTRICT", "FLD1":20, "FLD2":5, "FLD3":25, "FLD4":1, "FLD5":0, "FLD6":1, "FLD7":0, "FLD8":1, "FLD9":0, "FLD10":8, "FLD11":2, "FLD12":0, "FLD13":26, "FLD14":26},
{"ORD":38, "CODE":"D70", "ADM_NAME":"TOULEPLEU", "GEOLOC":"YES", "LEVEL":"DISTRICT", "FLD1":13, "FLD2":1, "FLD3":14, "FLD4":1, "FLD5":0, "FLD6":1, "FLD7":0, "FLD8":1, "FLD9":0, "FLD10":8, "FLD11":2, "FLD12":1, "FLD13":15, "FLD14":15},
{"ORD":39, "CODE":"R07", "ADM_NAME":"GBEKE", "GEOLOC":"N/A", "LEVEL":"REGION", "FLD1":65, "FLD2":39, "FLD3":104, "FLD4":2, "FLD5":2, "FLD6":4, "FLD7":0, "FLD8":4, "FLD9":1, "FLD10":77, "FLD11":16, "FLD12":33, "FLD13":109, "FLD14":108},
{"ORD":40, "CODE":"D20", "ADM_NAME":"BEOUMI", "GEOLOC":"YES", "LEVEL":"DISTRICT", "FLD1":20, "FLD2":6, "FLD3":26, "FLD4":1, "FLD5":0, "FLD6":1, "FLD7":0, "FLD8":1, "FLD9":0, "FLD10":16, "FLD11":2, "FLD12":1, "FLD13":27, "FLD14":27},
{"ORD":41, "CODE":"D17", "ADM_NAME":"BOUAKE NORD-EST", "GEOLOC":"YES", "LEVEL":"DISTRICT", "FLD1":9, "FLD2":8, "FLD3":17, "FLD4":0, "FLD5":0, "FLD6":0, "FLD7":0, "FLD8":0, "FLD9":0, "FLD10":16, "FLD11":5, "FLD12":10, "FLD13":17, "FLD14":17},
{"ORD":42, "CODE":"D18", "ADM_NAME":"BOUAKE NORD-OUEST", "GEOLOC":"YES", "LEVEL":"DISTRICT", "FLD1":11, "FLD2":17, "FLD3":28, "FLD4":0, "FLD5":1, "FLD6":1, "FLD7":0, "FLD8":1, "FLD9":1, "FLD10":20, "FLD11":3, "FLD12":12, "FLD13":30, "FLD14":29},
{"ORD":43, "CODE":"D19", "ADM_NAME":"BOUAKE-SUD", "GEOLOC":"YES", "LEVEL":"DISTRICT", "FLD1":9, "FLD2":4, "FLD3":13, "FLD4":0, "FLD5":1, "FLD6":1, "FLD7":0, "FLD8":1, "FLD9":0, "FLD10":9, "FLD11":4, "FLD12":9, "FLD13":14, "FLD14":14},
{"ORD":44, "CODE":"D21", "ADM_NAME":"SAKASSOU", "GEOLOC":"YES", "LEVEL":"DISTRICT", "FLD1":16, "FLD2":4, "FLD3":20, "FLD4":1, "FLD5":0, "FLD6":1, "FLD7":0, "FLD8":1, "FLD9":0, "FLD10":16, "FLD11":2, "FLD12":1, "FLD13":21, "FLD14":21},
{"ORD":45, "CODE":"R08", "ADM_NAME":"GBOKLE-NAWA-SAN-PEDRO", "GEOLOC":"N/A", "LEVEL":"REGION", "FLD1":145, "FLD2":53, "FLD3":198, "FLD4":5, "FLD5":1, "FLD6":6, "FLD7":1, "FLD8":7, "FLD9":0, "FLD10":116, "FLD11":19, "FLD12":31, "FLD13":205, "FLD14":205},
{"ORD":46, "CODE":"D39", "ADM_NAME":"GUEYO", "GEOLOC":"YES", "LEVEL":"DISTRICT", "FLD1":9, "FLD2":1, "FLD3":10, "FLD4":1, "FLD5":0, "FLD6":1, "FLD7":0, "FLD8":1, "FLD9":0, "FLD10":7, "FLD11":2, "FLD12":2, "FLD13":11, "FLD14":11},
{"ORD":47, "CODE":"D58", "ADM_NAME":"SAN-PEDRO", "GEOLOC":"YES", "LEVEL":"DISTRICT", "FLD1":19, "FLD2":6, "FLD3":25, "FLD4":0, "FLD5":0, "FLD6":0, "FLD7":1, "FLD8":1, "FLD9":0, "FLD10":33, "FLD11":4, "FLD12":3, "FLD13":26, "FLD14":26},
{"ORD":48, "CODE":"D59", "ADM_NAME":"SASSANDRA", "GEOLOC":"YES", "LEVEL":"DISTRICT", "FLD1":21, "FLD2":6, "FLD3":27, "FLD4":1, "FLD5":1, "FLD6":2, "FLD7":0, "FLD8":2, "FLD9":0, "FLD10":24, "FLD11":2, "FLD12":4, "FLD13":29, "FLD14":29},
{"ORD":49, "CODE":"D63", "ADM_NAME":"SOUBRE", "GEOLOC":"YES", "LEVEL":"DISTRICT", "FLD1":79, "FLD2":34, "FLD3":113, "FLD4":2, "FLD5":0, "FLD6":2, "FLD7":0, "FLD8":2, "FLD9":0, "FLD10":30, "FLD11":5, "FLD12":18, "FLD13":115, "FLD14":115},
{"ORD":50, "CODE":"D64", "ADM_NAME":"TABOU", "GEOLOC":"YES", "LEVEL":"DISTRICT", "FLD1":17, "FLD2":6, "FLD3":23, "FLD4":1, "FLD5":0, "FLD6":1, "FLD7":0, "FLD8":1, "FLD9":0, "FLD10":22, "FLD11":6, "FLD12":4, "FLD13":24, "FLD14":24},
{"ORD":51, "CODE":"R09", "ADM_NAME":"GÔH", "GEOLOC":"N/A", "LEVEL":"REGION", "FLD1":85, "FLD2":22, "FLD3":107, "FLD4":2, "FLD5":0, "FLD6":2, "FLD7":1, "FLD8":3, "FLD9":0, "FLD10":55, "FLD11":14, "FLD12":25, "FLD13":110, "FLD14":110},
{"ORD":52, "CODE":"D36", "ADM_NAME":"GAGNOA", "GEOLOC":"YES", "LEVEL":"DISTRICT", "FLD1":64, "FLD2":17, "FLD3":81, "FLD4":1, "FLD5":0, "FLD6":1, "FLD7":1, "FLD8":2, "FLD9":0, "FLD10":44, "FLD11":9, "FLD12":20, "FLD13":83, "FLD14":83},
{"ORD":53, "CODE":"D56", "ADM_NAME":"OUME", "GEOLOC":"YES", "LEVEL":"DISTRICT", "FLD1":21, "FLD2":5, "FLD3":26, "FLD4":1, "FLD5":0, "FLD6":1, "FLD7":0, "FLD8":1, "FLD9":0, "FLD10":11, "FLD11":5, "FLD12":5, "FLD13":27, "FLD14":27},
{"ORD":54, "CODE":"R10", "ADM_NAME":"HAMBOL", "GEOLOC":"N/A", "LEVEL":"REGION", "FLD1":28, "FLD2":17, "FLD3":45, "FLD4":3, "FLD5":0, "FLD6":3, "FLD7":0, "FLD8":3, "FLD9":0, "FLD10":39, "FLD11":7, "FLD12":5, "FLD13":48, "FLD14":48},
{"ORD":55, "CODE":"D25", "ADM_NAME":"DABAKALA", "GEOLOC":"YES", "LEVEL":"DISTRICT", "FLD1":13, "FLD2":8, "FLD3":21, "FLD4":1, "FLD5":0, "FLD6":1, "FLD7":0, "FLD8":1, "FLD9":0, "FLD10":21, "FLD11":2, "FLD12":1, "FLD13":22, "FLD14":22},
{"ORD":56, "CODE":"D44", "ADM_NAME":"KATIOLA", "GEOLOC":"YES", "LEVEL":"DISTRICT", "FLD1":7, "FLD2":6, "FLD3":13, "FLD4":1, "FLD5":0, "FLD6":1, "FLD7":0, "FLD8":1, "FLD9":0, "FLD10":11, "FLD11":2, "FLD12":2, "FLD13":14, "FLD14":14},
{"ORD":57, "CODE":"D53", "ADM_NAME":"Niakaramandougou", "GEOLOC":"YES", "LEVEL":"DISTRICT", "FLD1":8, "FLD2":3, "FLD3":11, "FLD4":1, "FLD5":0, "FLD6":1, "FLD7":0, "FLD8":1, "FLD9":0, "FLD10":7, "FLD11":3, "FLD12":2, "FLD13":12, "FLD14":12},
{"ORD":58, "CODE":"R11", "ADM_NAME":"HAUT SASSANDRA", "GEOLOC":"N/A", "LEVEL":"REGION", "FLD1":73, "FLD2":23, "FLD3":96, "FLD4":3, "FLD5":0, "FLD6":3, "FLD7":1, "FLD8":4, "FLD9":0, "FLD10":76, "FLD11":22, "FLD12":31, "FLD13":100, "FLD14":100},
{"ORD":59, "CODE":"D27", "ADM_NAME":"DALOA", "GEOLOC":"YES", "LEVEL":"DISTRICT", "FLD1":30, "FLD2":11, "FLD3":41, "FLD4":1, "FLD5":0, "FLD6":1, "FLD7":1, "FLD8":2, "FLD9":0, "FLD10":28, "FLD11":11, "FLD12":22, "FLD13":43, "FLD14":43},
{"ORD":60, "CODE":"D42", "ADM_NAME":"ISSIA", "GEOLOC":"YES", "LEVEL":"DISTRICT", "FLD1":20, "FLD2":8, "FLD3":28, "FLD4":1, "FLD5":0, "FLD6":1, "FLD7":0, "FLD8":1, "FLD9":0, "FLD10":21, "FLD11":8, "FLD12":6, "FLD13":29, "FLD14":29},
{"ORD":61, "CODE":"D72", "ADM_NAME":"VAVOUA", "GEOLOC":"YES", "LEVEL":"DISTRICT", "FLD1":23, "FLD2":4, "FLD3":27, "FLD4":1, "FLD5":0, "FLD6":1, "FLD7":0, "FLD8":1, "FLD9":0, "FLD10":27, "FLD11":3, "FLD12":3, "FLD13":28, "FLD14":28},
{"ORD":62, "CODE":"R12", "ADM_NAME":"INDENIE DUABLIN", "GEOLOC":"N/A", "LEVEL":"REGION", "FLD1":35, "FLD2":28, "FLD3":63, "FLD4":2, "FLD5":0, "FLD6":2, "FLD7":1, "FLD8":3, "FLD9":0, "FLD10":47, "FLD11":10, "FLD12":13, "FLD13":66, "FLD14":66},
{"ORD":63, "CODE":"D01", "ADM_NAME":"ABENGOUROU", "GEOLOC":"YES", "LEVEL":"DISTRICT", "FLD1":16, "FLD2":19, "FLD3":35, "FLD4":0, "FLD5":0, "FLD6":0, "FLD7":1, "FLD8":1, "FLD9":0, "FLD10":25, "FLD11":5, "FLD12":9, "FLD13":36, "FLD14":36},
{"ORD":64, "CODE":"D07", "ADM_NAME":"AGNIBILEKROU", "GEOLOC":"YES", "LEVEL":"DISTRICT", "FLD1":15, "FLD2":5, "FLD3":20, "FLD4":1, "FLD5":0, "FLD6":1, "FLD7":0, "FLD8":1, "FLD9":0, "FLD10":14, "FLD11":3, "FLD12":3, "FLD13":21, "FLD14":21},
{"ORD":65, "CODE":"D11", "ADM_NAME":"BETTIE", "GEOLOC":"YES", "LEVEL":"DISTRICT", "FLD1":4, "FLD2":4, "FLD3":8, "FLD4":1, "FLD5":0, "FLD6":1, "FLD7":0, "FLD8":1, "FLD9":0, "FLD10":8, "FLD11":2, "FLD12":1, "FLD13":9, "FLD14":9},
{"ORD":66, "CODE":"R13", "ADM_NAME":"KABADOUGOU-BAFING-FOLON", "GEOLOC":"N/A", "LEVEL":"REGION", "FLD1":63, "FLD2":30, "FLD3":93, "FLD4":3, "FLD5":0, "FLD6":3, "FLD7":2, "FLD8":5, "FLD9":0, "FLD10":49, "FLD11":7, "FLD12":4, "FLD13":98, "FLD14":98},
{"ORD":67, "CODE":"D51", "ADM_NAME":"MINIGNAN", "GEOLOC":"YES", "LEVEL":"DISTRICT", "FLD1":13, "FLD2":6, "FLD3":19, "FLD4":1, "FLD5":0, "FLD6":1, "FLD7":0, "FLD8":1, "FLD9":0, "FLD10":11, "FLD11":2, "FLD12":0, "FLD13":20, "FLD14":20},
{"ORD":68, "CODE":"D54", "ADM_NAME":"ODIENNE", "GEOLOC":"YES", "LEVEL":"DISTRICT", "FLD1":27, "FLD2":15, "FLD3":42, "FLD4":1, "FLD5":0, "FLD6":1, "FLD7":1, "FLD8":2, "FLD9":0, "FLD10":18, "FLD11":3, "FLD12":3, "FLD13":44, "FLD14":44},
{"ORD":69, "CODE":"D69", "ADM_NAME":"TOUBA", "GEOLOC":"YES", "LEVEL":"DISTRICT", "FLD1":23, "FLD2":9, "FLD3":32, "FLD4":1, "FLD5":0, "FLD6":1, "FLD7":1, "FLD8":2, "FLD9":0, "FLD10":20, "FLD11":2, "FLD12":1, "FLD13":34, "FLD14":34},
{"ORD":70, "CODE":"R14", "ADM_NAME":"LÔH-DJIBOUA", "GEOLOC":"N/A", "LEVEL":"REGION", "FLD1":76, "FLD2":25, "FLD3":101, "FLD4":3, "FLD5":0, "FLD6":3, "FLD7":1, "FLD8":4, "FLD9":0, "FLD10":85, "FLD11":18, "FLD12":23, "FLD13":105, "FLD14":105},
{"ORD":71, "CODE":"D32", "ADM_NAME":"DIVO", "GEOLOC":"YES", "LEVEL":"DISTRICT", "FLD1":31, "FLD2":12, "FLD3":43, "FLD4":0, "FLD5":0, "FLD6":0, "FLD7":1, "FLD8":1, "FLD9":0, "FLD10":39, "FLD11":6, "FLD12":14, "FLD13":44, "FLD14":44},
{"ORD":72, "CODE":"D35", "ADM_NAME":"FRESCO", "GEOLOC":"YES", "LEVEL":"DISTRICT", "FLD1":12, "FLD2":4, "FLD3":16, "FLD4":1, "FLD5":0, "FLD6":1, "FLD7":0, "FLD8":1, "FLD9":0, "FLD10":9, "FLD11":3, "FLD12":2, "FLD13":17, "FLD14":17},
{"ORD":73, "CODE":"D41", "ADM_NAME":"GUITRY", "GEOLOC":"YES", "LEVEL":"DISTRICT", "FLD1":11, "FLD2":2, "FLD3":13, "FLD4":1, "FLD5":0, "FLD6":1, "FLD7":0, "FLD8":1, "FLD9":0, "FLD10":11, "FLD11":3, "FLD12":2, "FLD13":14, "FLD14":14},
{"ORD":74, "CODE":"D47", "ADM_NAME":"LAKOTA", "GEOLOC":"YES", "LEVEL":"DISTRICT", "FLD1":22, "FLD2":7, "FLD3":29, "FLD4":1, "FLD5":0, "FLD6":1, "FLD7":0, "FLD8":1, "FLD9":0, "FLD10":26, "FLD11":6, "FLD12":5, "FLD13":30, "FLD14":30},
{"ORD":75, "CODE":"R15", "ADM_NAME":"MARAHOUE", "GEOLOC":"N/A", "LEVEL":"REGION", "FLD1":55, "FLD2":16, "FLD3":71, "FLD4":2, "FLD5":0, "FLD6":2, "FLD7":1, "FLD8":3, "FLD9":0, "FLD10":60, "FLD11":11, "FLD12":13, "FLD13":74, "FLD14":74},
{"ORD":76, "CODE":"D16", "ADM_NAME":"BOUAFLE", "GEOLOC":"YES", "LEVEL":"DISTRICT", "FLD1":30, "FLD2":5, "FLD3":35, "FLD4":0, "FLD5":0, "FLD6":0, "FLD7":1, "FLD8":1, "FLD9":0, "FLD10":32, "FLD11":3, "FLD12":5, "FLD13":36, "FLD14":36},
{"ORD":77, "CODE":"D62", "ADM_NAME":"SINFRA", "GEOLOC":"YES", "LEVEL":"DISTRICT", "FLD1":5, "FLD2":7, "FLD3":12, "FLD4":1, "FLD5":0, "FLD6":1, "FLD7":0, "FLD8":1, "FLD9":0, "FLD10":8, "FLD11":5, "FLD12":5, "FLD13":13, "FLD14":13},
{"ORD":78, "CODE":"D75", "ADM_NAME":"ZUENOULA", "GEOLOC":"YES", "LEVEL":"DISTRICT", "FLD1":20, "FLD2":4, "FLD3":24, "FLD4":1, "FLD5":0, "FLD6":1, "FLD7":0, "FLD8":1, "FLD9":0, "FLD10":20, "FLD11":3, "FLD12":3, "FLD13":25, "FLD14":25},
{"ORD":79, "CODE":"R16", "ADM_NAME":"N'ZI-IFFOU", "GEOLOC":"N/A", "LEVEL":"REGION", "FLD1":88, "FLD2":46, "FLD3":134, "FLD4":7, "FLD5":0, "FLD6":7, "FLD7":1, "FLD8":8, "FLD9":0, "FLD10":74, "FLD11":20, "FLD12":14, "FLD13":142, "FLD14":142},
{"ORD":80, "CODE":"D14", "ADM_NAME":"BOCANDA", "GEOLOC":"YES", "LEVEL":"DISTRICT", "FLD1":16, "FLD2":6, "FLD3":22, "FLD4":1, "FLD5":0, "FLD6":1, "FLD7":0, "FLD8":1, "FLD9":0, "FLD10":9, "FLD11":4, "FLD12":1, "FLD13":23, "FLD14":23},
{"ORD":81, "CODE":"D24", "ADM_NAME":"BONGOUANOU", "GEOLOC":"YES", "LEVEL":"DISTRICT", "FLD1":30, "FLD2":11, "FLD3":41, "FLD4":3, "FLD5":0, "FLD6":3, "FLD7":0, "FLD8":3, "FLD9":0, "FLD10":27, "FLD11":6, "FLD12":5, "FLD13":44, "FLD14":44},
{"ORD":82, "CODE":"D29", "ADM_NAME":"DAOUKRO", "GEOLOC":"YES", "LEVEL":"DISTRICT", "FLD1":14, "FLD2":13, "FLD3":27, "FLD4":1, "FLD5":0, "FLD6":1, "FLD7":0, "FLD8":1, "FLD9":0, "FLD10":11, "FLD11":3, "FLD12":4, "FLD13":28, "FLD14":28},
{"ORD":83, "CODE":"D31", "ADM_NAME":"DIMBOKRO", "GEOLOC":"YES", "LEVEL":"DISTRICT", "FLD1":10, "FLD2":10, "FLD3":20, "FLD4":0, "FLD5":0, "FLD6":0, "FLD7":1, "FLD8":1, "FLD9":0, "FLD10":8, "FLD11":3, "FLD12":3, "FLD13":21, "FLD14":21},
{"ORD":84, "CODE":"D50", "ADM_NAME":"M'BAHIAKRO", "GEOLOC":"YES", "LEVEL":"DISTRICT", "FLD1":10, "FLD2":2, "FLD3":12, "FLD4":1, "FLD5":0, "FLD6":1, "FLD7":0, "FLD8":1, "FLD9":0, "FLD10":8, "FLD11":2, "FLD12":1, "FLD13":13, "FLD14":13},
{"ORD":85, "CODE":"D57", "ADM_NAME":"PRIKRO", "GEOLOC":"YES", "LEVEL":"DISTRICT", "FLD1":8, "FLD2":4, "FLD3":12, "FLD4":1, "FLD5":0, "FLD6":1, "FLD7":0, "FLD8":1, "FLD9":0, "FLD10":11, "FLD11":2, "FLD12":0, "FLD13":13, "FLD14":13},
{"ORD":86, "CODE":"R17", "ADM_NAME":"PORO-TCHOLOGO-BAGOUE", "GEOLOC":"N/A", "LEVEL":"REGION", "FLD1":131, "FLD2":46, "FLD3":177, "FLD4":5, "FLD5":3, "FLD6":8, "FLD7":1, "FLD8":9, "FLD9":0, "FLD10":133, "FLD11":18, "FLD12":23, "FLD13":186, "FLD14":186},
{"ORD":87, "CODE":"D23", "ADM_NAME":"BOUNDIALI", "GEOLOC":"YES", "LEVEL":"DISTRICT", "FLD1":26, "FLD2":12, "FLD3":38, "FLD4":2, "FLD5":1, "FLD6":3, "FLD7":0, "FLD8":3, "FLD9":0, "FLD10":38, "FLD11":4, "FLD12":3, "FLD13":41, "FLD14":41},
{"ORD":88, "CODE":"D34", "ADM_NAME":"FERKESSEDOUGOU", "GEOLOC":"YES", "LEVEL":"DISTRICT", "FLD1":17, "FLD2":3, "FLD3":20, "FLD4":1, "FLD5":1, "FLD6":2, "FLD7":0, "FLD8":2, "FLD9":0, "FLD10":15, "FLD11":2, "FLD12":4, "FLD13":22, "FLD14":22},
{"ORD":89, "CODE":"D45", "ADM_NAME":"KORHOGO", "GEOLOC":"YES", "LEVEL":"DISTRICT", "FLD1":70, "FLD2":22, "FLD3":92, "FLD4":0, "FLD5":0, "FLD6":0, "FLD7":1, "FLD8":1, "FLD9":0, "FLD10":53, "FLD11":6, "FLD12":12, "FLD13":93, "FLD14":93},
{"ORD":90, "CODE":"D55", "ADM_NAME":"OUANGOLODOUGOU", "GEOLOC":"YES", "LEVEL":"DISTRICT", "FLD1":8, "FLD2":6, "FLD3":14, "FLD4":1, "FLD5":1, "FLD6":2, "FLD7":0, "FLD8":2, "FLD9":0, "FLD10":13, "FLD11":3, "FLD12":3, "FLD13":16, "FLD14":16},
{"ORD":91, "CODE":"D66", "ADM_NAME":"TENGRELA", "GEOLOC":"YES", "LEVEL":"DISTRICT", "FLD1":10, "FLD2":3, "FLD3":13, "FLD4":1, "FLD5":0, "FLD6":1, "FLD7":0, "FLD8":1, "FLD9":0, "FLD10":14, "FLD11":3, "FLD12":1, "FLD13":14, "FLD14":14},
{"ORD":92, "CODE":"R18", "ADM_NAME":"SUD-COMOE", "GEOLOC":"N/A", "LEVEL":"REGION", "FLD1":67, "FLD2":24, "FLD3":91, "FLD4":6, "FLD5":3, "FLD6":9, "FLD7":1, "FLD8":10, "FLD9":0, "FLD10":67, "FLD11":11, "FLD12":36, "FLD13":101, "FLD14":101},
{"ORD":93, "CODE":"D03", "ADM_NAME":"ABOISSO", "GEOLOC":"YES", "LEVEL":"DISTRICT", "FLD1":34, "FLD2":10, "FLD3":44, "FLD4":2, "FLD5":1, "FLD6":3, "FLD7":1, "FLD8":4, "FLD9":0, "FLD10":36, "FLD11":4, "FLD12":14, "FLD13":48, "FLD14":48},
{"ORD":94, "CODE":"D04", "ADM_NAME":"ADIAKE", "GEOLOC":"YES", "LEVEL":"DISTRICT", "FLD1":20, "FLD2":4, "FLD3":24, "FLD4":2, "FLD5":0, "FLD6":2, "FLD7":0, "FLD8":2, "FLD9":0, "FLD10":20, "FLD11":3, "FLD12":3, "FLD13":26, "FLD14":26},
{"ORD":95, "CODE":"D37", "ADM_NAME":"GRAND-BASSAM", "GEOLOC":"YES", "LEVEL":"DISTRICT", "FLD1":13, "FLD2":10, "FLD3":23, "FLD4":2, "FLD5":2, "FLD6":4, "FLD7":0, "FLD8":4, "FLD9":0, "FLD10":11, "FLD11":4, "FLD12":19, "FLD13":27, "FLD14":27},
{"ORD":96, "CODE":"R19", "ADM_NAME":"TONKPI", "GEOLOC":"N/A", "LEVEL":"REGION", "FLD1":87, "FLD2":28, "FLD3":115, "FLD4":3, "FLD5":0, "FLD6":3, "FLD7":1, "FLD8":4, "FLD9":0, "FLD10":40, "FLD11":10, "FLD12":11, "FLD13":119, "FLD14":119},
{"ORD":97, "CODE":"D12", "ADM_NAME":"BIANKOUMA", "GEOLOC":"YES", "LEVEL":"DISTRICT", "FLD1":20, "FLD2":10, "FLD3":30, "FLD4":1, "FLD5":0, "FLD6":1, "FLD7":0, "FLD8":1, "FLD9":0, "FLD10":12, "FLD11":2, "FLD12":1, "FLD13":31, "FLD14":31},
{"ORD":98, "CODE":"D28", "ADM_NAME":"DANANE", "GEOLOC":"YES", "LEVEL":"DISTRICT", "FLD1":18, "FLD2":4, "FLD3":22, "FLD4":1, "FLD5":0, "FLD6":1, "FLD7":0, "FLD8":1, "FLD9":0, "FLD10":8, "FLD11":2, "FLD12":2, "FLD13":23, "FLD14":23},
{"ORD":99, "CODE":"D48", "ADM_NAME":"MAN", "GEOLOC":"YES", "LEVEL":"DISTRICT", "FLD1":33, "FLD2":6, "FLD3":39, "FLD4":0, "FLD5":0, "FLD6":0, "FLD7":1, "FLD8":1, "FLD9":0, "FLD10":12, "FLD11":4, "FLD12":7, "FLD13":40, "FLD14":40},
{"ORD":100, "CODE":"D74", "ADM_NAME":"ZOUAN-HOUNIEN", "GEOLOC":"YES", "LEVEL":"DISTRICT", "FLD1":16, "FLD2":8, "FLD3":24, "FLD4":1, "FLD5":0, "FLD6":1, "FLD7":0, "FLD8":1, "FLD9":0, "FLD10":8, "FLD11":2, "FLD12":1, "FLD13":25, "FLD14":25},
{"ORD":101, "CODE":"R20", "ADM_NAME":"WORODOUGOU-BERE", "GEOLOC":"N/A", "LEVEL":"REGION", "FLD1":42, "FLD2":39, "FLD3":81, "FLD4":2, "FLD5":0, "FLD6":2, "FLD7":1, "FLD8":3, "FLD9":0, "FLD10":55, "FLD11":10, "FLD12":6, "FLD13":84, "FLD14":84},
{"ORD":102, "CODE":"D49", "ADM_NAME":"MANKONO", "GEOLOC":"YES", "LEVEL":"DISTRICT", "FLD1":32, "FLD2":14, "FLD3":46, "FLD4":1, "FLD5":0, "FLD6":1, "FLD7":0, "FLD8":1, "FLD9":0, "FLD10":30, "FLD11":7, "FLD12":2, "FLD13":47, "FLD14":47},
{"ORD":103, "CODE":"D60", "ADM_NAME":"SEGUELA", "GEOLOC":"YES", "LEVEL":"DISTRICT", "FLD1":10, "FLD2":25, "FLD3":35, "FLD4":1, "FLD5":0, "FLD6":1, "FLD7":1, "FLD8":2, "FLD9":0, "FLD10":25, "FLD11":3, "FLD12":4, "FLD13":37, "FLD14":37},
{"ORD":104, "CODE":"P01", "ADM_NAME":"TOTAL CI", "GEOLOC":"N/A", "LEVEL":"PAYS", "FLD1":1528, "FLD2":724, "FLD3":2252, "FLD4":82, "FLD5":21, "FLD6":103, "FLD7":17, "FLD8":120, "FLD9":4, "FLD10":1477, "FLD11":358, "FLD12":843, "FLD13":2376, "FLD14":2372}]

