[{"CODE":"R02","ADM_NAME":"ABIDJAN 2","GEOLOC":"N/A","LEVEL":"REGION","FLD1":379,"FLD2":147,"FLD3":694,"FLD4":1416,"FLD5":1108,"FLD6":2304,"FLD7":1134,"FLD8":390,"FLD9":22346,"FLD10":13,"FLD11":7,"FLD12":256,"FLD13":91,"FLD14":546,"FLD15":159,"FLD16":105,"FLD17":49,"FLD18":1206,"FLD19":448,"FLD20":72,"FLD21":6869,"FLD22":471,"FLD23":12324,"FLD24":922,"FLD25":1622,"FLD26":345,"FLD27":22553,"FLD28":9,"FLD29":0,"FLD30":321,"FLD31":113,"FLD32":555,"FLD33":224,"FLD34":121,"FLD35":38,"FLD36":1372,"FLD37":47477,"FLD38":273,"FLD39":233},
{"CODE":"D76","ADM_NAME":"ABOBO EST","GEOLOC":"YES","LEVEL":"DISTRICT","FLD1":78,"FLD2":42,"FLD3":1252,"FLD4":417,"FLD5":1705,"FLD6":454,"FLD7":326,"FLD8":104,"FLD9":4258,"FLD10":2,"FLD11":3,"FLD12":44,"FLD13":18,"FLD14":41,"FLD15":28,"FLD16":40,"FLD17":15,"FLD18":186,"FLD19":90,"FLD20":7,"FLD21":1465,"FLD22":96,"FLD23":1991,"FLD24":90,"FLD25":250,"FLD26":95,"FLD27":3987,"FLD28":0,"FLD29":0,"FLD30":15,"FLD31":5,"FLD32":12,"FLD33":2,"FLD34":1,"FLD35":0,"FLD36":35,"FLD37":8466,"FLD38":77,"FLD39":62},
{"CODE":"D77","ADM_NAME":"ABOBO OUEST","GEOLOC":"YES","LEVEL":"DISTRICT","FLD1":11,"FLD2":9,"FLD3":534,"FLD4":86,"FLD5":738,"FLD6":209,"FLD7":33,"FLD8":18,"FLD9":1618,"FLD10":1,"FLD11":0,"FLD12":25,"FLD13":9,"FLD14":21,"FLD15":13,"FLD16":0,"FLD17":3,"FLD18":71,"FLD19":7,"FLD20":3,"FLD21":756,"FLD22":22,"FLD23":963,"FLD24":63,"FLD25":113,"FLD26":12,"FLD27":1929,"FLD28":0,"FLD29":0,"FLD30":13,"FLD31":2,"FLD32":30,"FLD33":6,"FLD34":2,"FLD35":0,"FLD36":53,"FLD37":3671,"FLD38":9,"FLD39":17},
{"CODE":"D78","ADM_NAME":"ANYAMA","GEOLOC":"YES","LEVEL":"DISTRICT","FLD1":7,"FLD2":8,"FLD3":273,"FLD4":63,"FLD5":476,"FLD6":109,"FLD7":40,"FLD8":38,"FLD9":999,"FLD10":0,"FLD11":1,"FLD12":8,"FLD13":4,"FLD14":5,"FLD15":3,"FLD16":0,"FLD17":0,"FLD18":20,"FLD19":3,"FLD20":2,"FLD21":279,"FLD22":10,"FLD23":415,"FLD24":14,"FLD25":50,"FLD26":5,"FLD27":773,"FLD28":0,"FLD29":0,"FLD30":9,"FLD31":1,"FLD32":15,"FLD33":2,"FLD34":4,"FLD35":0,"FLD36":31,"FLD37":1823,"FLD38":2,"FLD39":2},
{"CODE":"D79","ADM_NAME":"COCODY BINGERVILLE","GEOLOC":"YES","LEVEL":"DISTRICT","FLD1":73,"FLD2":34,"FLD3":1435,"FLD4":332,"FLD5":2175,"FLD6":643,"FLD7":135,"FLD8":63,"FLD9":4783,"FLD10":0,"FLD11":2,"FLD12":45,"FLD13":10,"FLD14":58,"FLD15":27,"FLD16":2,"FLD17":7,"FLD18":149,"FLD19":99,"FLD20":15,"FLD21":1745,"FLD22":55,"FLD23":2965,"FLD24":120,"FLD25":249,"FLD26":37,"FLD27":5171,"FLD28":3,"FLD29":0,"FLD30":36,"FLD31":7,"FLD32":29,"FLD33":12,"FLD34":2,"FLD35":1,"FLD36":87,"FLD37":10190,"FLD38":11,"FLD39":16},
{"CODE":"D80","ADM_NAME":"KOUMASSI-PORT-BOUET-VRIDI","GEOLOC":"YES","LEVEL":"DISTRICT","FLD1":193,"FLD2":49,"FLD3":1957,"FLD4":253,"FLD5":4356,"FLD6":562,"FLD7":367,"FLD8":129,"FLD9":7624,"FLD10":6,"FLD11":1,"FLD12":56,"FLD13":35,"FLD14":305,"FLD15":54,"FLD16":28,"FLD17":14,"FLD18":492,"FLD19":230,"FLD20":42,"FLD21":1839,"FLD22":267,"FLD23":4037,"FLD24":590,"FLD25":841,"FLD26":180,"FLD27":7754,"FLD28":0,"FLD29":0,"FLD30":63,"FLD31":8,"FLD32":168,"FLD33":37,"FLD34":8,"FLD35":2,"FLD36":286,"FLD37":16156,"FLD38":124,"FLD39":98},
{"CODE":"D81","ADM_NAME":"MARCORY-TREICHVILLE","GEOLOC":"YES","LEVEL":"DISTRICT","FLD1":17,"FLD2":5,"FLD3":643,"FLD4":265,"FLD5":1558,"FLD6":327,"FLD7":233,"FLD8":38,"FLD9":3064,"FLD10":4,"FLD11":0,"FLD12":78,"FLD13":15,"FLD14":116,"FLD15":34,"FLD16":35,"FLD17":10,"FLD18":288,"FLD19":19,"FLD20":3,"FLD21":785,"FLD22":21,"FLD23":1953,"FLD24":45,"FLD25":119,"FLD26":16,"FLD27":2939,"FLD28":6,"FLD29":0,"FLD30":185,"FLD31":90,"FLD32":301,"FLD33":165,"FLD34":104,"FLD35":35,"FLD36":880,"FLD37":7171,"FLD38":50,"FLD39":38},
{"CODE":"R01","ADM_NAME":"ABIDJAN 1-GRANDS PONTS","GEOLOC":"N/A","LEVEL":"REGION","FLD1":209,"FLD2":93,"FLD3":4784,"FLD4":125,"FLD5":6427,"FLD6":1872,"FLD7":691,"FLD8":445,"FLD9":15244,"FLD10":9,"FLD11":13,"FLD12":88,"FLD13":63,"FLD14":130,"FLD15":118,"FLD16":14,"FLD17":29,"FLD18":442,"FLD19":327,"FLD20":45,"FLD21":5338,"FLD22":260,"FLD23":6808,"FLD24":422,"FLD25":128,"FLD26":130,"FLD27":13986,"FLD28":4,"FLD29":0,"FLD30":55,"FLD31":23,"FLD32":79,"FLD33":32,"FLD34":3,"FLD35":0,"FLD36":192,"FLD37":29864,"FLD38":131,"FLD39":92},
{"CODE":"D82","ADM_NAME":"ADJAME-PLATEAU-ATTECOUBE","GEOLOC":"YES","LEVEL":"DISTRICT","FLD1":76,"FLD2":24,"FLD3":781,"FLD4":178,"FLD5":1431,"FLD6":519,"FLD7":80,"FLD8":93,"FLD9":3082,"FLD10":0,"FLD11":1,"FLD12":25,"FLD13":11,"FLD14":40,"FLD15":26,"FLD16":4,"FLD17":4,"FLD18":110,"FLD19":188,"FLD20":6,"FLD21":1107,"FLD22":37,"FLD23":1369,"FLD24":53,"FLD25":150,"FLD26":11,"FLD27":2727,"FLD28":0,"FLD29":0,"FLD30":19,"FLD31":20,"FLD32":39,"FLD33":15,"FLD34":0,"FLD35":0,"FLD36":93,"FLD37":6012,"FLD38":33,"FLD39":25},
{"CODE":"D26","ADM_NAME":"DABOU","GEOLOC":"YES","LEVEL":"DISTRICT","FLD1":31,"FLD2":8,"FLD3":940,"FLD4":99,"FLD5":1180,"FLD6":266,"FLD7":57,"FLD8":56,"FLD9":2598,"FLD10":1,"FLD11":0,"FLD12":4,"FLD13":1,"FLD14":5,"FLD15":6,"FLD16":2,"FLD17":1,"FLD18":19,"FLD19":25,"FLD20":7,"FLD21":741,"FLD22":10,"FLD23":1001,"FLD24":24,"FLD25":33,"FLD26":12,"FLD27":1821,"FLD28":3,"FLD29":0,"FLD30":18,"FLD31":0,"FLD32":15,"FLD33":8,"FLD34":1,"FLD35":0,"FLD36":42,"FLD37":4480,"FLD38":6,"FLD39":0},
{"CODE":"D38","ADM_NAME":"GRAND-LAHOU","GEOLOC":"YES","LEVEL":"DISTRICT","FLD1":4,"FLD2":3,"FLD3":131,"FLD4":31,"FLD5":300,"FLD6":75,"FLD7":9,"FLD8":13,"FLD9":559,"FLD10":0,"FLD11":0,"FLD12":3,"FLD13":0,"FLD14":4,"FLD15":2,"FLD16":0,"FLD17":0,"FLD18":9,"FLD19":1,"FLD20":0,"FLD21":81,"FLD22":4,"FLD23":328,"FLD24":30,"FLD25":1,"FLD26":7,"FLD27":451,"FLD28":0,"FLD29":0,"FLD30":2,"FLD31":0,"FLD32":0,"FLD33":0,"FLD34":0,"FLD35":0,"FLD36":2,"FLD37":1021,"FLD38":1,"FLD39":3},
{"CODE":"D43","ADM_NAME":"JACQUEVILLE","GEOLOC":"YES","LEVEL":"DISTRICT","FLD1":4,"FLD2":4,"FLD3":93,"FLD4":101,"FLD5":159,"FLD6":128,"FLD7":20,"FLD8":19,"FLD9":520,"FLD10":2,"FLD11":0,"FLD12":6,"FLD13":9,"FLD14":11,"FLD15":16,"FLD16":2,"FLD17":1,"FLD18":45,"FLD19":1,"FLD20":3,"FLD21":72,"FLD22":30,"FLD23":64,"FLD24":15,"FLD25":13,"FLD26":3,"FLD27":197,"FLD28":0,"FLD29":0,"FLD30":3,"FLD31":0,"FLD32":2,"FLD33":2,"FLD34":1,"FLD35":0,"FLD36":8,"FLD37":770,"FLD38":0,"FLD39":0},
{"CODE":"D83","ADM_NAME":"YOPOUGON-EST","GEOLOC":"YES","LEVEL":"DISTRICT","FLD1":59,"FLD2":32,"FLD3":761,"FLD4":255,"FLD5":1263,"FLD6":434,"FLD7":229,"FLD8":80,"FLD9":3022,"FLD10":0,"FLD11":2,"FLD12":9,"FLD13":16,"FLD14":30,"FLD15":58,"FLD16":4,"FLD17":15,"FLD18":132,"FLD19":57,"FLD20":24,"FLD21":1301,"FLD22":73,"FLD23":2106,"FLD24":143,"FLD25":335,"FLD26":45,"FLD27":4003,"FLD28":1,"FLD29":0,"FLD30":7,"FLD31":2,"FLD32":17,"FLD33":6,"FLD34":1,"FLD35":0,"FLD36":33,"FLD37":7190,"FLD38":13,"FLD39":22},
{"CODE":"D84","ADM_NAME":"YOPOUGON-OUEST-SONGON","GEOLOC":"YES","LEVEL":"DISTRICT","FLD1":35,"FLD2":22,"FLD3":278,"FLD4":361,"FLD5":294,"FLD6":450,"FLD7":296,"FLD8":184,"FLD9":5463,"FLD10":6,"FLD11":10,"FLD12":41,"FLD13":26,"FLD14":40,"FLD15":10,"FLD16":2,"FLD17":8,"FLD18":127,"FLD19":55,"FLD20":5,"FLD21":236,"FLD22":106,"FLD23":1940,"FLD24":157,"FLD25":496,"FLD26":52,"FLD27":4787,"FLD28":0,"FLD29":0,"FLD30":6,"FLD31":1,"FLD32":6,"FLD33":1,"FLD34":0,"FLD35":0,"FLD36":14,"FLD37":10391,"FLD38":78,"FLD39":42},
{"CODE":"R03","ADM_NAME":"AGNEBY-TIASSA-ME","GEOLOC":"N/A","LEVEL":"REGION","FLD1":344,"FLD2":321,"FLD3":3151,"FLD4":1485,"FLD5":5459,"FLD6":3150,"FLD7":1375,"FLD8":308,"FLD9":14928,"FLD10":57,"FLD11":48,"FLD12":73,"FLD13":92,"FLD14":78,"FLD15":103,"FLD16":43,"FLD17":50,"FLD18":439,"FLD19":192,"FLD20":22,"FLD21":3127,"FLD22":143,"FLD23":4825,"FLD24":212,"FLD25":517,"FLD26":86,"FLD27":8910,"FLD28":22,"FLD29":14,"FLD30":49,"FLD31":20,"FLD32":47,"FLD33":33,"FLD34":40,"FLD35":13,"FLD36":202,"FLD37":24479,"FLD38":31,"FLD39":42},
{"CODE":"D05","ADM_NAME":"ADZOPE","GEOLOC":"YES","LEVEL":"DISTRICT","FLD1":48,"FLD2":16,"FLD3":776,"FLD4":173,"FLD5":1181,"FLD6":188,"FLD7":49,"FLD8":40,"FLD9":2407,"FLD10":0,"FLD11":0,"FLD12":8,"FLD13":12,"FLD14":3,"FLD15":4,"FLD16":2,"FLD17":2,"FLD18":31,"FLD19":21,"FLD20":4,"FLD21":664,"FLD22":19,"FLD23":1043,"FLD24":19,"FLD25":122,"FLD26":8,"FLD27":1875,"FLD28":22,"FLD29":14,"FLD30":28,"FLD31":18,"FLD32":33,"FLD33":33,"FLD34":37,"FLD35":13,"FLD36":162,"FLD37":4475,"FLD38":8,"FLD39":24},
{"CODE":"D06","ADM_NAME":"AGBOVILLE","GEOLOC":"YES","LEVEL":"DISTRICT","FLD1":32,"FLD2":14,"FLD3":384,"FLD4":232,"FLD5":360,"FLD6":234,"FLD7":56,"FLD8":49,"FLD9":1315,"FLD10":0,"FLD11":2,"FLD12":4,"FLD13":4,"FLD14":7,"FLD15":10,"FLD16":2,"FLD17":3,"FLD18":30,"FLD19":35,"FLD20":3,"FLD21":396,"FLD22":22,"FLD23":381,"FLD24":38,"FLD25":85,"FLD26":22,"FLD27":944,"FLD28":0,"FLD29":0,"FLD30":6,"FLD31":0,"FLD32":9,"FLD33":0,"FLD34":3,"FLD35":0,"FLD36":18,"FLD37":2307,"FLD38":10,"FLD39":6},
{"CODE":"D08","ADM_NAME":"AKOUPE","GEOLOC":"YES","LEVEL":"DISTRICT","FLD1":16,"FLD2":4,"FLD3":330,"FLD4":131,"FLD5":285,"FLD6":109,"FLD7":28,"FLD8":44,"FLD9":927,"FLD10":1,"FLD11":0,"FLD12":5,"FLD13":4,"FLD14":12,"FLD15":9,"FLD16":1,"FLD17":1,"FLD18":32,"FLD19":15,"FLD20":2,"FLD21":401,"FLD22":15,"FLD23":866,"FLD24":46,"FLD25":48,"FLD26":8,"FLD27":1384,"FLD28":0,"FLD29":0,"FLD30":4,"FLD31":1,"FLD32":0,"FLD33":0,"FLD34":0,"FLD35":0,"FLD36":5,"FLD37":2348,"FLD38":5,"FLD39":5},
{"CODE":"D09","ADM_NAME":"ALEPE","GEOLOC":"YES","LEVEL":"DISTRICT","FLD1":10,"FLD2":4,"FLD3":731,"FLD4":97,"FLD5":649,"FLD6":110,"FLD7":27,"FLD8":41,"FLD9":1655,"FLD10":0,"FLD11":0,"FLD12":10,"FLD13":3,"FLD14":4,"FLD15":0,"FLD16":2,"FLD17":1,"FLD18":20,"FLD19":31,"FLD20":2,"FLD21":665,"FLD22":23,"FLD23":613,"FLD24":12,"FLD25":38,"FLD26":1,"FLD27":1352,"FLD28":0,"FLD29":0,"FLD30":3,"FLD31":0,"FLD32":1,"FLD33":0,"FLD34":0,"FLD35":0,"FLD36":4,"FLD37":3031,"FLD38":2,"FLD39":2},
{"CODE":"D61","ADM_NAME":"SIKENSI","GEOLOC":"YES","LEVEL":"DISTRICT","FLD1":72,"FLD2":104,"FLD3":348,"FLD4":245,"FLD5":932,"FLD6":797,"FLD7":412,"FLD8":32,"FLD9":2766,"FLD10":20,"FLD11":15,"FLD12":19,"FLD13":14,"FLD14":23,"FLD15":6,"FLD16":12,"FLD17":12,"FLD18":86,"FLD19":61,"FLD20":2,"FLD21":322,"FLD22":14,"FLD23":412,"FLD24":27,"FLD25":70,"FLD26":3,"FLD27":848,"FLD28":0,"FLD29":0,"FLD30":3,"FLD31":0,"FLD32":1,"FLD33":0,"FLD34":0,"FLD35":0,"FLD36":4,"FLD37":3704,"FLD38":0,"FLD39":0},
{"CODE":"D67","ADM_NAME":"TIASSALE","GEOLOC":"YES","LEVEL":"DISTRICT","FLD1":166,"FLD2":179,"FLD3":582,"FLD4":607,"FLD5":2052,"FLD6":1712,"FLD7":803,"FLD8":102,"FLD9":5858,"FLD10":36,"FLD11":31,"FLD12":27,"FLD13":55,"FLD14":29,"FLD15":74,"FLD16":24,"FLD17":31,"FLD18":240,"FLD19":29,"FLD20":9,"FLD21":679,"FLD22":50,"FLD23":1510,"FLD24":70,"FLD25":154,"FLD26":44,"FLD27":2507,"FLD28":0,"FLD29":0,"FLD30":5,"FLD31":1,"FLD32":3,"FLD33":0,"FLD34":0,"FLD35":0,"FLD36":9,"FLD37":8614,"FLD38":6,"FLD39":5},
{"CODE":"R04","ADM_NAME":"BELIER","GEOLOC":"N/A","LEVEL":"REGION","FLD1":11,"FLD2":46,"FLD3":2,"FLD4":80,"FLD5":12,"FLD6":1,"FLD7":36,"FLD8":31,"FLD9":8588,"FLD10":4,"FLD11":1,"FLD12":20,"FLD13":27,"FLD14":19,"FLD15":35,"FLD16":14,"FLD17":11,"FLD18":488,"FLD19":94,"FLD20":7,"FLD21":65,"FLD22":41,"FLD23":3830,"FLD24":71,"FLD25":26,"FLD26":34,"FLD27":6903,"FLD28":0,"FLD29":0,"FLD30":50,"FLD31":10,"FLD32":45,"FLD33":12,"FLD34":1,"FLD35":0,"FLD36":118,"FLD37":16097,"FLD38":13,"FLD39":4},
{"CODE":"D30","ADM_NAME":"DIDIEVI","GEOLOC":"YES","LEVEL":"DISTRICT","FLD1":9,"FLD2":2,"FLD3":193,"FLD4":82,"FLD5":270,"FLD6":146,"FLD7":86,"FLD8":57,"FLD9":834,"FLD10":0,"FLD11":0,"FLD12":3,"FLD13":1,"FLD14":2,"FLD15":3,"FLD16":0,"FLD17":2,"FLD18":11,"FLD19":11,"FLD20":2,"FLD21":141,"FLD22":2,"FLD23":196,"FLD24":4,"FLD25":25,"FLD26":4,"FLD27":372,"FLD28":0,"FLD29":0,"FLD30":2,"FLD31":0,"FLD32":1,"FLD33":1,"FLD34":0,"FLD35":0,"FLD36":4,"FLD37":1221,"FLD38":1,"FLD39":0},
{"CODE":"D68","ADM_NAME":"TIEBISSOU","GEOLOC":"YES","LEVEL":"DISTRICT","FLD1":18,"FLD2":14,"FLD3":260,"FLD4":175,"FLD5":406,"FLD6":224,"FLD7":62,"FLD8":57,"FLD9":1184,"FLD10":1,"FLD11":0,"FLD12":5,"FLD13":2,"FLD14":2,"FLD15":0,"FLD16":1,"FLD17":0,"FLD18":10,"FLD19":9,"FLD20":1,"FLD21":168,"FLD22":1,"FLD23":198,"FLD24":8,"FLD25":17,"FLD26":0,"FLD27":392,"FLD28":0,"FLD29":0,"FLD30":5,"FLD31":0,"FLD32":0,"FLD33":0,"FLD34":1,"FLD35":0,"FLD36":6,"FLD37":1592,"FLD38":4,"FLD39":2},
{"CODE":"D71","ADM_NAME":"TOUMODI","GEOLOC":"YES","LEVEL":"DISTRICT","FLD1":8,"FLD2":8,"FLD3":592,"FLD4":175,"FLD5":659,"FLD6":333,"FLD7":103,"FLD8":74,"FLD9":1936,"FLD10":0,"FLD11":0,"FLD12":24,"FLD13":2,"FLD14":28,"FLD15":10,"FLD16":8,"FLD17":4,"FLD18":76,"FLD19":33,"FLD20":2,"FLD21":921,"FLD22":6,"FLD23":1286,"FLD24":26,"FLD25":135,"FLD26":13,"FLD27":2387,"FLD28":0,"FLD29":0,"FLD30":12,"FLD31":0,"FLD32":5,"FLD33":0,"FLD34":0,"FLD35":0,"FLD36":17,"FLD37":4416,"FLD38":1,"FLD39":1},
{"CODE":"D73","ADM_NAME":"YAMOUSSOUKRO","GEOLOC":"YES","LEVEL":"DISTRICT","FLD1":78,"FLD2":22,"FLD3":1626,"FLD4":369,"FLD5":1787,"FLD6":609,"FLD7":115,"FLD8":128,"FLD9":4634,"FLD10":3,"FLD11":1,"FLD12":174,"FLD13":22,"FLD14":163,"FLD15":22,"FLD16":5,"FLD17":5,"FLD18":391,"FLD19":41,"FLD20":2,"FLD21":1429,"FLD22":32,"FLD23":2150,"FLD24":33,"FLD25":91,"FLD26":17,"FLD27":3752,"FLD28":0,"FLD29":0,"FLD30":31,"FLD31":10,"FLD32":39,"FLD33":11,"FLD34":0,"FLD35":0,"FLD36":91,"FLD37":8868,"FLD38":7,"FLD39":1},
{"CODE":"R05","ADM_NAME":"BOUNKANI-GONTOUGO","GEOLOC":"N/A","LEVEL":"REGION","FLD1":104,"FLD2":61,"FLD3":2920,"FLD4":662,"FLD5":440,"FLD6":1183,"FLD7":272,"FLD8":287,"FLD9":9364,"FLD10":7,"FLD11":4,"FLD12":87,"FLD13":27,"FLD14":99,"FLD15":91,"FLD16":24,"FLD17":18,"FLD18":346,"FLD19":109,"FLD20":11,"FLD21":2842,"FLD22":97,"FLD23":4144,"FLD24":198,"FLD25":443,"FLD26":69,"FLD27":7793,"FLD28":3,"FLD29":1,"FLD30":24,"FLD31":1,"FLD32":30,"FLD33":1,"FLD34":0,"FLD35":4,"FLD36":60,"FLD37":17563,"FLD38":54,"FLD39":45},
{"CODE":"D15","ADM_NAME":"BONDOUKOU","GEOLOC":"YES","LEVEL":"DISTRICT","FLD1":22,"FLD2":21,"FLD3":787,"FLD4":203,"FLD5":948,"FLD6":442,"FLD7":111,"FLD8":114,"FLD9":2605,"FLD10":4,"FLD11":1,"FLD12":21,"FLD13":11,"FLD14":29,"FLD15":49,"FLD16":14,"FLD17":9,"FLD18":133,"FLD19":25,"FLD20":3,"FLD21":925,"FLD22":32,"FLD23":1384,"FLD24":97,"FLD25":220,"FLD26":45,"FLD27":2703,"FLD28":1,"FLD29":1,"FLD30":18,"FLD31":0,"FLD32":18,"FLD33":1,"FLD34":0,"FLD35":0,"FLD36":37,"FLD37":5478,"FLD38":10,"FLD39":13},
{"CODE":"D22","ADM_NAME":"BOUNA","GEOLOC":"YES","LEVEL":"DISTRICT","FLD1":21,"FLD2":16,"FLD3":1399,"FLD4":210,"FLD5":2236,"FLD6":348,"FLD7":70,"FLD8":84,"FLD9":4347,"FLD10":0,"FLD11":0,"FLD12":19,"FLD13":2,"FLD14":24,"FLD15":12,"FLD16":1,"FLD17":2,"FLD18":60,"FLD19":33,"FLD20":1,"FLD21":1141,"FLD22":30,"FLD23":1621,"FLD24":42,"FLD25":93,"FLD26":3,"FLD27":2930,"FLD28":1,"FLD29":0,"FLD30":3,"FLD31":0,"FLD32":6,"FLD33":0,"FLD34":0,"FLD35":1,"FLD36":10,"FLD37":7347,"FLD38":22,"FLD39":21},
{"CODE":"D52","ADM_NAME":"NASSIAN","GEOLOC":"YES","LEVEL":"DISTRICT","FLD1":1,"FLD2":2,"FLD3":57,"FLD4":19,"FLD5":83,"FLD6":47,"FLD7":8,"FLD8":10,"FLD9":224,"FLD10":0,"FLD11":0,"FLD12":0,"FLD13":0,"FLD14":0,"FLD15":1,"FLD16":0,"FLD17":0,"FLD18":1,"FLD19":2,"FLD20":0,"FLD21":72,"FLD22":0,"FLD23":83,"FLD24":3,"FLD25":10,"FLD26":1,"FLD27":169,"FLD28":0,"FLD29":0,"FLD30":1,"FLD31":0,"FLD32":0,"FLD33":0,"FLD34":0,"FLD35":0,"FLD36":1,"FLD37":395,"FLD38":2,"FLD39":0},
{"CODE":"D65","ADM_NAME":"TANDA","GEOLOC":"YES","LEVEL":"DISTRICT","FLD1":60,"FLD2":22,"FLD3":677,"FLD4":230,"FLD5":773,"FLD6":346,"FLD7":83,"FLD8":79,"FLD9":2188,"FLD10":3,"FLD11":3,"FLD12":47,"FLD13":14,"FLD14":46,"FLD15":29,"FLD16":9,"FLD17":7,"FLD18":152,"FLD19":49,"FLD20":7,"FLD21":704,"FLD22":35,"FLD23":1056,"FLD24":56,"FLD25":120,"FLD26":20,"FLD27":1991,"FLD28":1,"FLD29":0,"FLD30":2,"FLD31":1,"FLD32":6,"FLD33":0,"FLD34":0,"FLD35":3,"FLD36":12,"FLD37":4343,"FLD38":20,"FLD39":11},
{"CODE":"R06","ADM_NAME":"CAVALLY-GUEMON","GEOLOC":"N/A","LEVEL":"REGION","FLD1":274,"FLD2":268,"FLD3":3958,"FLD4":1570,"FLD5":5599,"FLD6":2892,"FLD7":1153,"FLD8":300,"FLD9":15472,"FLD10":14,"FLD11":5,"FLD12":62,"FLD13":22,"FLD14":70,"FLD15":36,"FLD16":14,"FLD17":10,"FLD18":214,"FLD19":49,"FLD20":9,"FLD21":2185,"FLD22":96,"FLD23":2674,"FLD24":138,"FLD25":258,"FLD26":91,"FLD27":5442,"FLD28":1,"FLD29":0,"FLD30":26,"FLD31":1,"FLD32":12,"FLD33":3,"FLD34":0,"FLD35":1,"FLD36":43,"FLD37":21171,"FLD38":75,"FLD39":73},
{"CODE":"D10","ADM_NAME":"BANGOLO","GEOLOC":"YES","LEVEL":"DISTRICT","FLD1":7,"FLD2":5,"FLD3":674,"FLD4":78,"FLD5":633,"FLD6":177,"FLD7":25,"FLD8":45,"FLD9":1632,"FLD10":0,"FLD11":0,"FLD12":19,"FLD13":5,"FLD14":29,"FLD15":2,"FLD16":2,"FLD17":0,"FLD18":57,"FLD19":3,"FLD20":2,"FLD21":538,"FLD22":21,"FLD23":568,"FLD24":25,"FLD25":8,"FLD26":9,"FLD27":1169,"FLD28":0,"FLD29":0,"FLD30":0,"FLD31":0,"FLD32":0,"FLD33":0,"FLD34":0,"FLD35":0,"FLD36":0,"FLD37":2858,"FLD38":7,"FLD39":2},
{"CODE":"D13","ADM_NAME":"BLOLEQUIN","GEOLOC":"YES","LEVEL":"DISTRICT","FLD1":207,"FLD2":220,"FLD3":728,"FLD4":653,"FLD5":217,"FLD6":1577,"FLD7":887,"FLD8":37,"FLD9":5899,"FLD10":11,"FLD11":4,"FLD12":10,"FLD13":3,"FLD14":6,"FLD15":12,"FLD16":4,"FLD17":3,"FLD18":38,"FLD19":7,"FLD20":0,"FLD21":160,"FLD22":1,"FLD23":191,"FLD24":36,"FLD25":42,"FLD26":1,"FLD27":431,"FLD28":0,"FLD29":0,"FLD30":3,"FLD31":0,"FLD32":0,"FLD33":0,"FLD34":0,"FLD35":1,"FLD36":4,"FLD37":6372,"FLD38":3,"FLD39":10},
{"CODE":"D33","ADM_NAME":"DUEKOUE","GEOLOC":"YES","LEVEL":"DISTRICT","FLD1":16,"FLD2":13,"FLD3":706,"FLD4":370,"FLD5":831,"FLD6":387,"FLD7":63,"FLD8":78,"FLD9":2435,"FLD10":2,"FLD11":0,"FLD12":10,"FLD13":4,"FLD14":3,"FLD15":5,"FLD16":3,"FLD17":0,"FLD18":25,"FLD19":5,"FLD20":1,"FLD21":542,"FLD22":30,"FLD23":514,"FLD24":26,"FLD25":38,"FLD26":18,"FLD27":1168,"FLD28":0,"FLD29":0,"FLD30":2,"FLD31":0,"FLD32":1,"FLD33":0,"FLD34":0,"FLD35":0,"FLD36":3,"FLD37":3631,"FLD38":51,"FLD39":48},
{"CODE":"D40","ADM_NAME":"GUIGLO","GEOLOC":"YES","LEVEL":"DISTRICT","FLD1":15,"FLD2":18,"FLD3":1205,"FLD4":295,"FLD5":1281,"FLD6":404,"FLD7":122,"FLD8":52,"FLD9":3359,"FLD10":0,"FLD11":0,"FLD12":15,"FLD13":3,"FLD14":19,"FLD15":9,"FLD16":4,"FLD17":2,"FLD18":52,"FLD19":28,"FLD20":6,"FLD21":635,"FLD22":36,"FLD23":940,"FLD24":37,"FLD25":148,"FLD26":58,"FLD27":1854,"FLD28":0,"FLD29":0,"FLD30":15,"FLD31":0,"FLD32":9,"FLD33":0,"FLD34":0,"FLD35":0,"FLD36":24,"FLD37":5289,"FLD38":7,"FLD39":5},
{"CODE":"D46","ADM_NAME":"KOUIBLY","GEOLOC":"YES","LEVEL":"DISTRICT","FLD1":20,"FLD2":6,"FLD3":560,"FLD4":124,"FLD5":686,"FLD6":229,"FLD7":40,"FLD8":68,"FLD9":1707,"FLD10":1,"FLD11":1,"FLD12":5,"FLD13":4,"FLD14":10,"FLD15":5,"FLD16":1,"FLD17":4,"FLD18":29,"FLD19":3,"FLD20":0,"FLD21":243,"FLD22":8,"FLD23":375,"FLD24":9,"FLD25":14,"FLD26":3,"FLD27":652,"FLD28":0,"FLD29":0,"FLD30":6,"FLD31":0,"FLD32":0,"FLD33":0,"FLD34":0,"FLD35":0,"FLD36":6,"FLD37":2394,"FLD38":3,"FLD39":4},
{"CODE":"D70","ADM_NAME":"TOULEPLEU","GEOLOC":"YES","LEVEL":"DISTRICT","FLD1":9,"FLD2":6,"FLD3":85,"FLD4":50,"FLD5":151,"FLD6":118,"FLD7":16,"FLD8":20,"FLD9":440,"FLD10":0,"FLD11":0,"FLD12":3,"FLD13":3,"FLD14":3,"FLD15":3,"FLD16":0,"FLD17":1,"FLD18":13,"FLD19":3,"FLD20":0,"FLD21":67,"FLD22":0,"FLD23":86,"FLD24":5,"FLD25":8,"FLD26":2,"FLD27":168,"FLD28":1,"FLD29":0,"FLD30":0,"FLD31":1,"FLD32":2,"FLD33":3,"FLD34":0,"FLD35":0,"FLD36":6,"FLD37":627,"FLD38":4,"FLD39":4},
{"CODE":"R07","ADM_NAME":"GBEKE","GEOLOC":"N/A","LEVEL":"REGION","FLD1":328,"FLD2":369,"FLD3":3324,"FLD4":1487,"FLD5":4815,"FLD6":2601,"FLD7":158,"FLD8":379,"FLD9":13664,"FLD10":36,"FLD11":30,"FLD12":129,"FLD13":56,"FLD14":230,"FLD15":95,"FLD16":70,"FLD17":40,"FLD18":620,"FLD19":179,"FLD20":31,"FLD21":2681,"FLD22":153,"FLD23":2925,"FLD24":260,"FLD25":451,"FLD26":118,"FLD27":6588,"FLD28":0,"FLD29":0,"FLD30":22,"FLD31":2,"FLD32":14,"FLD33":18,"FLD34":0,"FLD35":0,"FLD36":56,"FLD37":20928,"FLD38":94,"FLD39":64},
{"CODE":"D20","ADM_NAME":"BEOUMI","GEOLOC":"YES","LEVEL":"DISTRICT","FLD1":12,"FLD2":8,"FLD3":546,"FLD4":207,"FLD5":657,"FLD6":237,"FLD7":77,"FLD8":93,"FLD9":1817,"FLD10":1,"FLD11":0,"FLD12":4,"FLD13":9,"FLD14":4,"FLD15":8,"FLD16":16,"FLD17":4,"FLD18":45,"FLD19":31,"FLD20":4,"FLD21":747,"FLD22":26,"FLD23":787,"FLD24":41,"FLD25":89,"FLD26":41,"FLD27":1731,"FLD28":0,"FLD29":0,"FLD30":11,"FLD31":0,"FLD32":3,"FLD33":0,"FLD34":0,"FLD35":0,"FLD36":14,"FLD37":3607,"FLD38":4,"FLD39":0},
{"CODE":"D17","ADM_NAME":"BOUAKE NORD-EST","GEOLOC":"YES","LEVEL":"DISTRICT","FLD1":212,"FLD2":248,"FLD3":612,"FLD4":526,"FLD5":1638,"FLD6":1251,"FLD7":700,"FLD8":85,"FLD9":4812,"FLD10":32,"FLD11":27,"FLD12":31,"FLD13":25,"FLD14":29,"FLD15":20,"FLD16":22,"FLD17":22,"FLD18":149,"FLD19":9,"FLD20":2,"FLD21":257,"FLD22":10,"FLD23":443,"FLD24":40,"FLD25":157,"FLD26":26,"FLD27":933,"FLD28":0,"FLD29":0,"FLD30":1,"FLD31":0,"FLD32":0,"FLD33":0,"FLD34":0,"FLD35":0,"FLD36":1,"FLD37":5895,"FLD38":28,"FLD39":22},
{"CODE":"D18","ADM_NAME":"BOUAKE NORD-OUEST","GEOLOC":"YES","LEVEL":"DISTRICT","FLD1":27,"FLD2":27,"FLD3":896,"FLD4":349,"FLD5":115,"FLD6":448,"FLD7":105,"FLD8":74,"FLD9":2887,"FLD10":0,"FLD11":0,"FLD12":62,"FLD13":8,"FLD14":121,"FLD15":9,"FLD16":9,"FLD17":9,"FLD18":218,"FLD19":76,"FLD20":7,"FLD21":924,"FLD22":92,"FLD23":744,"FLD24":116,"FLD25":74,"FLD26":24,"FLD27":1974,"FLD28":0,"FLD29":0,"FLD30":3,"FLD31":1,"FLD32":6,"FLD33":16,"FLD34":0,"FLD35":0,"FLD36":26,"FLD37":5105,"FLD38":41,"FLD39":26},
{"CODE":"D19","ADM_NAME":"BOUAKE-SUD","GEOLOC":"YES","LEVEL":"DISTRICT","FLD1":56,"FLD2":78,"FLD3":156,"FLD4":328,"FLD5":1223,"FLD6":523,"FLD7":131,"FLD8":65,"FLD9":3326,"FLD10":1,"FLD11":3,"FLD12":32,"FLD13":12,"FLD14":73,"FLD15":55,"FLD16":21,"FLD17":5,"FLD18":198,"FLD19":50,"FLD20":16,"FLD21":457,"FLD22":14,"FLD23":581,"FLD24":60,"FLD25":103,"FLD26":25,"FLD27":1240,"FLD28":0,"FLD29":0,"FLD30":5,"FLD31":1,"FLD32":4,"FLD33":2,"FLD34":0,"FLD35":0,"FLD36":12,"FLD37":4776,"FLD38":17,"FLD39":16},
{"CODE":"D21","ADM_NAME":"SAKASSOU","GEOLOC":"YES","LEVEL":"DISTRICT","FLD1":21,"FLD2":8,"FLD3":214,"FLD4":77,"FLD5":282,"FLD6":142,"FLD7":45,"FLD8":62,"FLD9":822,"FLD10":2,"FLD11":0,"FLD12":0,"FLD13":2,"FLD14":3,"FLD15":3,"FLD16":2,"FLD17":0,"FLD18":10,"FLD19":13,"FLD20":2,"FLD21":296,"FLD22":11,"FLD23":370,"FLD24":3,"FLD25":28,"FLD26":2,"FLD27":710,"FLD28":0,"FLD29":0,"FLD30":2,"FLD31":0,"FLD32":1,"FLD33":0,"FLD34":0,"FLD35":0,"FLD36":3,"FLD37":1545,"FLD38":4,"FLD39":0},
{"CODE":"R08","ADM_NAME":"GBOKLE-NAWA-SAN-PEDRO","GEOLOC":"N/A","LEVEL":"REGION","FLD1":121,"FLD2":88,"FLD3":5815,"FLD4":1211,"FLD5":7490,"FLD6":283,"FLD7":567,"FLD8":330,"FLD9":17496,"FLD10":12,"FLD11":4,"FLD12":176,"FLD13":104,"FLD14":206,"FLD15":177,"FLD16":14,"FLD17":26,"FLD18":703,"FLD19":288,"FLD20":34,"FLD21":5429,"FLD22":223,"FLD23":6935,"FLD24":370,"FLD25":337,"FLD26":78,"FLD27":13372,"FLD28":3,"FLD29":0,"FLD30":69,"FLD31":6,"FLD32":63,"FLD33":23,"FLD34":11,"FLD35":4,"FLD36":176,"FLD37":31747,"FLD38":30,"FLD39":29},
{"CODE":"D39","ADM_NAME":"GUEYO","GEOLOC":"YES","LEVEL":"DISTRICT","FLD1":5,"FLD2":7,"FLD3":465,"FLD4":39,"FLD5":587,"FLD6":80,"FLD7":36,"FLD8":13,"FLD9":1220,"FLD10":0,"FLD11":0,"FLD12":29,"FLD13":0,"FLD14":53,"FLD15":0,"FLD16":0,"FLD17":0,"FLD18":82,"FLD19":1,"FLD20":1,"FLD21":325,"FLD22":11,"FLD23":576,"FLD24":9,"FLD25":40,"FLD26":3,"FLD27":964,"FLD28":0,"FLD29":0,"FLD30":5,"FLD31":0,"FLD32":4,"FLD33":0,"FLD34":0,"FLD35":0,"FLD36":9,"FLD37":2275,"FLD38":0,"FLD39":0},
{"CODE":"D58","ADM_NAME":"SAN-PEDRO","GEOLOC":"YES","LEVEL":"DISTRICT","FLD1":72,"FLD2":32,"FLD3":2122,"FLD4":349,"FLD5":2802,"FLD6":627,"FLD7":206,"FLD8":116,"FLD9":6222,"FLD10":6,"FLD11":4,"FLD12":35,"FLD13":22,"FLD14":44,"FLD15":53,"FLD16":5,"FLD17":7,"FLD18":166,"FLD19":58,"FLD20":4,"FLD21":1421,"FLD22":83,"FLD23":2062,"FLD24":179,"FLD25":108,"FLD26":36,"FLD27":3889,"FLD28":3,"FLD29":0,"FLD30":50,"FLD31":5,"FLD32":50,"FLD33":20,"FLD34":1,"FLD35":4,"FLD36":130,"FLD37":10407,"FLD38":12,"FLD39":9},
{"CODE":"D59","ADM_NAME":"SASSANDRA","GEOLOC":"YES","LEVEL":"DISTRICT","FLD1":11,"FLD2":25,"FLD3":484,"FLD4":87,"FLD5":561,"FLD6":226,"FLD7":92,"FLD8":32,"FLD9":1482,"FLD10":0,"FLD11":0,"FLD12":9,"FLD13":3,"FLD14":3,"FLD15":7,"FLD16":1,"FLD17":0,"FLD18":23,"FLD19":42,"FLD20":2,"FLD21":862,"FLD22":44,"FLD23":1085,"FLD24":63,"FLD25":92,"FLD26":8,"FLD27":2154,"FLD28":0,"FLD29":0,"FLD30":2,"FLD31":1,"FLD32":0,"FLD33":1,"FLD34":0,"FLD35":0,"FLD36":4,"FLD37":3663,"FLD38":6,"FLD39":11},
{"CODE":"D63","ADM_NAME":"SOUBRE","GEOLOC":"YES","LEVEL":"DISTRICT","FLD1":20,"FLD2":18,"FLD3":2156,"FLD4":559,"FLD5":2799,"FLD6":672,"FLD7":191,"FLD8":103,"FLD9":6480,"FLD10":3,"FLD11":0,"FLD12":102,"FLD13":75,"FLD14":85,"FLD15":101,"FLD16":6,"FLD17":18,"FLD18":387,"FLD19":158,"FLD20":24,"FLD21":2431,"FLD22":69,"FLD23":2788,"FLD24":94,"FLD25":78,"FLD26":25,"FLD27":5485,"FLD28":0,"FLD29":0,"FLD30":9,"FLD31":0,"FLD32":7,"FLD33":2,"FLD34":10,"FLD35":0,"FLD36":28,"FLD37":12380,"FLD38":10,"FLD39":8},
{"CODE":"D64","ADM_NAME":"TABOU","GEOLOC":"YES","LEVEL":"DISTRICT","FLD1":13,"FLD2":6,"FLD3":588,"FLD4":177,"FLD5":741,"FLD6":478,"FLD7":42,"FLD8":66,"FLD9":2092,"FLD10":3,"FLD11":0,"FLD12":1,"FLD13":4,"FLD14":21,"FLD15":16,"FLD16":2,"FLD17":1,"FLD18":45,"FLD19":29,"FLD20":3,"FLD21":390,"FLD22":16,"FLD23":424,"FLD24":25,"FLD25":19,"FLD26":6,"FLD27":880,"FLD28":0,"FLD29":0,"FLD30":3,"FLD31":0,"FLD32":2,"FLD33":0,"FLD34":0,"FLD35":0,"FLD36":5,"FLD37":3022,"FLD38":2,"FLD39":1},
{"CODE":"R09","ADM_NAME":"GÔH","GEOLOC":"N/A","LEVEL":"REGION","FLD1":67,"FLD2":63,"FLD3":222,"FLD4":834,"FLD5":2435,"FLD6":165,"FLD7":256,"FLD8":175,"FLD9":6787,"FLD10":8,"FLD11":2,"FLD12":76,"FLD13":32,"FLD14":45,"FLD15":34,"FLD16":9,"FLD17":3,"FLD18":199,"FLD19":97,"FLD20":19,"FLD21":2464,"FLD22":109,"FLD23":3246,"FLD24":151,"FLD25":282,"FLD26":61,"FLD27":6313,"FLD28":0,"FLD29":0,"FLD30":43,"FLD31":14,"FLD32":22,"FLD33":5,"FLD34":1,"FLD35":0,"FLD36":85,"FLD37":13384,"FLD38":22,"FLD39":21},
{"CODE":"D36","ADM_NAME":"GAGNOA","GEOLOC":"YES","LEVEL":"DISTRICT","FLD1":53,"FLD2":56,"FLD3":1610,"FLD4":709,"FLD5":1537,"FLD6":724,"FLD7":165,"FLD8":106,"FLD9":4851,"FLD10":7,"FLD11":2,"FLD12":66,"FLD13":31,"FLD14":37,"FLD15":21,"FLD16":6,"FLD17":3,"FLD18":164,"FLD19":84,"FLD20":15,"FLD21":1790,"FLD22":85,"FLD23":1970,"FLD24":109,"FLD25":210,"FLD26":48,"FLD27":4212,"FLD28":0,"FLD29":0,"FLD30":37,"FLD31":14,"FLD32":14,"FLD33":5,"FLD34":1,"FLD35":0,"FLD36":71,"FLD37":9298,"FLD38":20,"FLD39":16},
{"CODE":"D56","ADM_NAME":"OUME","GEOLOC":"YES","LEVEL":"DISTRICT","FLD1":14,"FLD2":7,"FLD3":412,"FLD4":125,"FLD5":898,"FLD6":341,"FLD7":91,"FLD8":69,"FLD9":1936,"FLD10":1,"FLD11":0,"FLD12":10,"FLD13":1,"FLD14":8,"FLD15":13,"FLD16":3,"FLD17":0,"FLD18":35,"FLD19":13,"FLD20":4,"FLD21":674,"FLD22":24,"FLD23":1276,"FLD24":42,"FLD25":72,"FLD26":13,"FLD27":2101,"FLD28":0,"FLD29":0,"FLD30":6,"FLD31":0,"FLD32":8,"FLD33":0,"FLD34":0,"FLD35":0,"FLD36":14,"FLD37":4086,"FLD38":2,"FLD39":5},
{"CODE":"R10","ADM_NAME":"HAMBOL","GEOLOC":"N/A","LEVEL":"REGION","FLD1":57,"FLD2":43,"FLD3":947,"FLD4":287,"FLD5":1378,"FLD6":603,"FLD7":95,"FLD8":131,"FLD9":3441,"FLD10":0,"FLD11":1,"FLD12":51,"FLD13":11,"FLD14":92,"FLD15":43,"FLD16":6,"FLD17":10,"FLD18":213,"FLD19":40,"FLD20":6,"FLD21":810,"FLD22":24,"FLD23":1184,"FLD24":71,"FLD25":133,"FLD26":24,"FLD27":2246,"FLD28":1,"FLD29":0,"FLD30":3,"FLD31":0,"FLD32":1,"FLD33":1,"FLD34":0,"FLD35":0,"FLD36":5,"FLD37":5905,"FLD38":27,"FLD39":20},
{"CODE":"D25","ADM_NAME":"DABAKALA","GEOLOC":"YES","LEVEL":"DISTRICT","FLD1":30,"FLD2":23,"FLD3":373,"FLD4":143,"FLD5":553,"FLD6":228,"FLD7":36,"FLD8":45,"FLD9":1378,"FLD10":0,"FLD11":0,"FLD12":30,"FLD13":2,"FLD14":21,"FLD15":17,"FLD16":1,"FLD17":3,"FLD18":74,"FLD19":21,"FLD20":1,"FLD21":275,"FLD22":11,"FLD23":298,"FLD24":34,"FLD25":34,"FLD26":3,"FLD27":655,"FLD28":1,"FLD29":0,"FLD30":0,"FLD31":0,"FLD32":0,"FLD33":0,"FLD34":0,"FLD35":0,"FLD36":0,"FLD37":2107,"FLD38":7,"FLD39":11},
{"CODE":"D44","ADM_NAME":"KATIOLA","GEOLOC":"YES","LEVEL":"DISTRICT","FLD1":10,"FLD2":6,"FLD3":315,"FLD4":60,"FLD5":408,"FLD6":156,"FLD7":26,"FLD8":26,"FLD9":991,"FLD10":0,"FLD11":0,"FLD12":12,"FLD13":2,"FLD14":17,"FLD15":4,"FLD16":2,"FLD17":5,"FLD18":42,"FLD19":10,"FLD20":0,"FLD21":266,"FLD22":4,"FLD23":459,"FLD24":8,"FLD25":39,"FLD26":1,"FLD27":777,"FLD28":0,"FLD29":0,"FLD30":3,"FLD31":0,"FLD32":0,"FLD33":0,"FLD34":0,"FLD35":0,"FLD36":3,"FLD37":1813,"FLD38":6,"FLD39":1},
{"CODE":"D53","ADM_NAME":"NIAKARAMANDOUGOU","GEOLOC":"YES","LEVEL":"DISTRICT","FLD1":17,"FLD2":14,"FLD3":259,"FLD4":84,"FLD5":417,"FLD6":219,"FLD7":33,"FLD8":60,"FLD9":1072,"FLD10":0,"FLD11":1,"FLD12":9,"FLD13":7,"FLD14":54,"FLD15":22,"FLD16":3,"FLD17":2,"FLD18":97,"FLD19":9,"FLD20":5,"FLD21":269,"FLD22":9,"FLD23":427,"FLD24":29,"FLD25":60,"FLD26":20,"FLD27":814,"FLD28":0,"FLD29":0,"FLD30":0,"FLD31":0,"FLD32":1,"FLD33":1,"FLD34":0,"FLD35":0,"FLD36":2,"FLD37":1985,"FLD38":14,"FLD39":8},
{"CODE":"R11","ADM_NAME":"HAUT SASSANDRA","GEOLOC":"N/A","LEVEL":"REGION","FLD1":55,"FLD2":39,"FLD3":4871,"FLD4":678,"FLD5":5102,"FLD6":1269,"FLD7":188,"FLD8":288,"FLD9":12396,"FLD10":4,"FLD11":2,"FLD12":147,"FLD13":105,"FLD14":251,"FLD15":164,"FLD16":4,"FLD17":41,"FLD18":712,"FLD19":86,"FLD20":11,"FLD21":3926,"FLD22":109,"FLD23":4595,"FLD24":226,"FLD25":200,"FLD26":76,"FLD27":9132,"FLD28":1,"FLD29":0,"FLD30":65,"FLD31":8,"FLD32":62,"FLD33":6,"FLD34":2,"FLD35":0,"FLD36":143,"FLD37":22383,"FLD38":33,"FLD39":28},
{"CODE":"D27","ADM_NAME":"DALOA","GEOLOC":"YES","LEVEL":"DISTRICT","FLD1":39,"FLD2":35,"FLD3":3723,"FLD4":424,"FLD5":3816,"FLD6":817,"FLD7":86,"FLD8":167,"FLD9":9033,"FLD10":4,"FLD11":1,"FLD12":114,"FLD13":82,"FLD14":192,"FLD15":137,"FLD16":3,"FLD17":37,"FLD18":565,"FLD19":41,"FLD20":3,"FLD21":2675,"FLD22":59,"FLD23":3079,"FLD24":127,"FLD25":87,"FLD26":41,"FLD27":6068,"FLD28":0,"FLD29":0,"FLD30":58,"FLD31":8,"FLD32":57,"FLD33":6,"FLD34":2,"FLD35":0,"FLD36":131,"FLD37":15797,"FLD38":23,"FLD39":18},
{"CODE":"D42","ADM_NAME":"ISSIA","GEOLOC":"YES","LEVEL":"DISTRICT","FLD1":11,"FLD2":2,"FLD3":705,"FLD4":159,"FLD5":767,"FLD6":265,"FLD7":48,"FLD8":62,"FLD9":2006,"FLD10":0,"FLD11":0,"FLD12":21,"FLD13":21,"FLD14":43,"FLD15":13,"FLD16":0,"FLD17":4,"FLD18":102,"FLD19":29,"FLD20":5,"FLD21":589,"FLD22":21,"FLD23":765,"FLD24":47,"FLD25":49,"FLD26":14,"FLD27":1485,"FLD28":0,"FLD29":0,"FLD30":6,"FLD31":0,"FLD32":3,"FLD33":0,"FLD34":0,"FLD35":0,"FLD36":9,"FLD37":3602,"FLD38":6,"FLD39":4},
{"CODE":"D72","ADM_NAME":"VAVOUA","GEOLOC":"YES","LEVEL":"DISTRICT","FLD1":5,"FLD2":2,"FLD3":443,"FLD4":95,"FLD5":519,"FLD6":187,"FLD7":54,"FLD8":59,"FLD9":1357,"FLD10":0,"FLD11":1,"FLD12":12,"FLD13":2,"FLD14":16,"FLD15":14,"FLD16":1,"FLD17":0,"FLD18":45,"FLD19":16,"FLD20":3,"FLD21":662,"FLD22":29,"FLD23":751,"FLD24":52,"FLD25":64,"FLD26":21,"FLD27":1579,"FLD28":1,"FLD29":0,"FLD30":1,"FLD31":0,"FLD32":2,"FLD33":0,"FLD34":0,"FLD35":0,"FLD36":3,"FLD37":2984,"FLD38":4,"FLD39":6},
{"CODE":"R12","ADM_NAME":"INDENIE DUABLIN","GEOLOC":"N/A","LEVEL":"REGION","FLD1":74,"FLD2":34,"FLD3":270,"FLD4":426,"FLD5":2360,"FLD6":627,"FLD7":186,"FLD8":133,"FLD9":5802,"FLD10":6,"FLD11":7,"FLD12":119,"FLD13":46,"FLD14":110,"FLD15":43,"FLD16":30,"FLD17":8,"FLD18":356,"FLD19":31,"FLD20":11,"FLD21":1885,"FLD22":69,"FLD23":2675,"FLD24":95,"FLD25":295,"FLD26":16,"FLD27":5035,"FLD28":1,"FLD29":0,"FLD30":22,"FLD31":2,"FLD32":17,"FLD33":6,"FLD34":1,"FLD35":2,"FLD36":50,"FLD37":11243,"FLD38":15,"FLD39":4},
{"CODE":"D01","ADM_NAME":"ABENGOUROU","GEOLOC":"YES","LEVEL":"DISTRICT","FLD1":54,"FLD2":24,"FLD3":1557,"FLD4":315,"FLD5":1728,"FLD6":441,"FLD7":75,"FLD8":77,"FLD9":4193,"FLD10":6,"FLD11":7,"FLD12":65,"FLD13":37,"FLD14":43,"FLD15":31,"FLD16":4,"FLD17":6,"FLD18":186,"FLD19":20,"FLD20":9,"FLD21":1392,"FLD22":47,"FLD23":1932,"FLD24":47,"FLD25":111,"FLD26":10,"FLD27":3539,"FLD28":1,"FLD29":0,"FLD30":22,"FLD31":1,"FLD32":11,"FLD33":3,"FLD34":0,"FLD35":0,"FLD36":37,"FLD37":7955,"FLD38":13,"FLD39":4},
{"CODE":"D07","ADM_NAME":"AGNIBILEKROU","GEOLOC":"YES","LEVEL":"DISTRICT","FLD1":6,"FLD2":7,"FLD3":398,"FLD4":81,"FLD5":545,"FLD6":136,"FLD7":109,"FLD8":42,"FLD9":1311,"FLD10":0,"FLD11":0,"FLD12":54,"FLD13":9,"FLD14":57,"FLD15":8,"FLD16":26,"FLD17":2,"FLD18":156,"FLD19":3,"FLD20":1,"FLD21":329,"FLD22":15,"FLD23":531,"FLD24":31,"FLD25":163,"FLD26":6,"FLD27":1075,"FLD28":0,"FLD29":0,"FLD30":0,"FLD31":1,"FLD32":6,"FLD33":3,"FLD34":1,"FLD35":2,"FLD36":13,"FLD37":2555,"FLD38":1,"FLD39":0},
{"CODE":"D11","ADM_NAME":"BETTIE","GEOLOC":"YES","LEVEL":"DISTRICT","FLD1":14,"FLD2":3,"FLD3":115,"FLD4":30,"FLD5":87,"FLD6":50,"FLD7":2,"FLD8":14,"FLD9":298,"FLD10":0,"FLD11":0,"FLD12":0,"FLD13":0,"FLD14":10,"FLD15":4,"FLD16":0,"FLD17":0,"FLD18":14,"FLD19":8,"FLD20":1,"FLD21":164,"FLD22":7,"FLD23":212,"FLD24":17,"FLD25":21,"FLD26":0,"FLD27":421,"FLD28":0,"FLD29":0,"FLD30":0,"FLD31":0,"FLD32":0,"FLD33":0,"FLD34":0,"FLD35":0,"FLD36":0,"FLD37":733,"FLD38":1,"FLD39":0},
{"CODE":"R13","ADM_NAME":"KABADOUGOU-BAFING-FOLON","GEOLOC":"N/A","LEVEL":"REGION","FLD1":27,"FLD2":11,"FLD3":2286,"FLD4":281,"FLD5":2837,"FLD6":612,"FLD7":213,"FLD8":103,"FLD9":6332,"FLD10":1,"FLD11":0,"FLD12":41,"FLD13":15,"FLD14":65,"FLD15":33,"FLD16":4,"FLD17":5,"FLD18":163,"FLD19":53,"FLD20":25,"FLD21":2191,"FLD22":56,"FLD23":2557,"FLD24":84,"FLD25":151,"FLD26":8,"FLD27":5047,"FLD28":0,"FLD29":0,"FLD30":13,"FLD31":0,"FLD32":12,"FLD33":7,"FLD34":0,"FLD35":0,"FLD36":32,"FLD37":11574,"FLD38":50,"FLD39":53},
{"CODE":"D51","ADM_NAME":"MINIGNAN","GEOLOC":"YES","LEVEL":"DISTRICT","FLD1":4,"FLD2":2,"FLD3":255,"FLD4":43,"FLD5":414,"FLD6":136,"FLD7":14,"FLD8":22,"FLD9":884,"FLD10":0,"FLD11":0,"FLD12":11,"FLD13":2,"FLD14":15,"FLD15":19,"FLD16":1,"FLD17":2,"FLD18":50,"FLD19":13,"FLD20":4,"FLD21":288,"FLD22":7,"FLD23":387,"FLD24":18,"FLD25":20,"FLD26":2,"FLD27":722,"FLD28":0,"FLD29":0,"FLD30":1,"FLD31":0,"FLD32":0,"FLD33":0,"FLD34":0,"FLD35":0,"FLD36":1,"FLD37":1657,"FLD38":8,"FLD39":14},
{"CODE":"D54","ADM_NAME":"ODIENNE","GEOLOC":"YES","LEVEL":"DISTRICT","FLD1":14,"FLD2":6,"FLD3":879,"FLD4":103,"FLD5":173,"FLD6":210,"FLD7":118,"FLD8":39,"FLD9":2422,"FLD10":1,"FLD11":0,"FLD12":22,"FLD13":9,"FLD14":37,"FLD15":6,"FLD16":3,"FLD17":1,"FLD18":78,"FLD19":29,"FLD20":20,"FLD21":856,"FLD22":18,"FLD23":947,"FLD24":33,"FLD25":72,"FLD26":3,"FLD27":1929,"FLD28":0,"FLD29":0,"FLD30":2,"FLD31":0,"FLD32":5,"FLD33":2,"FLD34":0,"FLD35":0,"FLD36":9,"FLD37":4438,"FLD38":36,"FLD39":34},
{"CODE":"D69","ADM_NAME":"TOUBA","GEOLOC":"YES","LEVEL":"DISTRICT","FLD1":9,"FLD2":3,"FLD3":1152,"FLD4":135,"FLD5":1350,"FLD6":266,"FLD7":81,"FLD8":42,"FLD9":3026,"FLD10":0,"FLD11":0,"FLD12":8,"FLD13":4,"FLD14":13,"FLD15":8,"FLD16":0,"FLD17":2,"FLD18":35,"FLD19":11,"FLD20":1,"FLD21":147,"FLD22":31,"FLD23":1223,"FLD24":33,"FLD25":59,"FLD26":3,"FLD27":2396,"FLD28":0,"FLD29":0,"FLD30":10,"FLD31":0,"FLD32":7,"FLD33":5,"FLD34":0,"FLD35":0,"FLD36":22,"FLD37":5479,"FLD38":6,"FLD39":5},
{"CODE":"R14","ADM_NAME":"LÔH-DJIBOUA","GEOLOC":"N/A","LEVEL":"REGION","FLD1":64,"FLD2":35,"FLD3":1657,"FLD4":394,"FLD5":2102,"FLD6":723,"FLD7":158,"FLD8":216,"FLD9":5250,"FLD10":2,"FLD11":1,"FLD12":48,"FLD13":36,"FLD14":42,"FLD15":48,"FLD16":18,"FLD17":12,"FLD18":204,"FLD19":70,"FLD20":50,"FLD21":1708,"FLD22":131,"FLD23":2168,"FLD24":125,"FLD25":110,"FLD26":57,"FLD27":4299,"FLD28":7,"FLD29":0,"FLD30":13,"FLD31":1,"FLD32":5,"FLD33":1,"FLD34":2,"FLD35":0,"FLD36":22,"FLD37":9775,"FLD38":9,"FLD39":11},
{"CODE":"D32","ADM_NAME":"DIVO","GEOLOC":"YES","LEVEL":"DISTRICT","FLD1":56,"FLD2":13,"FLD3":716,"FLD4":165,"FLD5":856,"FLD6":274,"FLD7":69,"FLD8":99,"FLD9":2179,"FLD10":1,"FLD11":1,"FLD12":26,"FLD13":16,"FLD14":28,"FLD15":25,"FLD16":5,"FLD17":6,"FLD18":106,"FLD19":12,"FLD20":8,"FLD21":930,"FLD22":59,"FLD23":1095,"FLD24":45,"FLD25":59,"FLD26":26,"FLD27":2214,"FLD28":1,"FLD29":0,"FLD30":1,"FLD31":0,"FLD32":4,"FLD33":1,"FLD34":2,"FLD35":0,"FLD36":8,"FLD37":4507,"FLD38":5,"FLD39":6},
{"CODE":"D35","ADM_NAME":"FRESCO","GEOLOC":"YES","LEVEL":"DISTRICT","FLD1":3,"FLD2":12,"FLD3":260,"FLD4":74,"FLD5":291,"FLD6":140,"FLD7":24,"FLD8":45,"FLD9":834,"FLD10":0,"FLD11":0,"FLD12":3,"FLD13":3,"FLD14":0,"FLD15":5,"FLD16":11,"FLD17":4,"FLD18":26,"FLD19":3,"FLD20":1,"FLD21":218,"FLD22":3,"FLD23":279,"FLD24":16,"FLD25":16,"FLD26":7,"FLD27":539,"FLD28":6,"FLD29":0,"FLD30":10,"FLD31":1,"FLD32":0,"FLD33":0,"FLD34":0,"FLD35":0,"FLD36":11,"FLD37":1410,"FLD38":0,"FLD39":2},
{"CODE":"D41","ADM_NAME":"GUITRY","GEOLOC":"YES","LEVEL":"DISTRICT","FLD1":1,"FLD2":5,"FLD3":293,"FLD4":51,"FLD5":459,"FLD6":92,"FLD7":37,"FLD8":14,"FLD9":946,"FLD10":0,"FLD11":0,"FLD12":17,"FLD13":14,"FLD14":9,"FLD15":16,"FLD16":1,"FLD17":0,"FLD18":57,"FLD19":7,"FLD20":4,"FLD21":122,"FLD22":14,"FLD23":244,"FLD24":20,"FLD25":5,"FLD26":6,"FLD27":411,"FLD28":0,"FLD29":0,"FLD30":1,"FLD31":0,"FLD32":0,"FLD33":0,"FLD34":0,"FLD35":0,"FLD36":1,"FLD37":1415,"FLD38":1,"FLD39":1},
{"CODE":"D47","ADM_NAME":"LAKOTA","GEOLOC":"YES","LEVEL":"DISTRICT","FLD1":4,"FLD2":5,"FLD3":388,"FLD4":104,"FLD5":496,"FLD6":217,"FLD7":28,"FLD8":58,"FLD9":1291,"FLD10":1,"FLD11":0,"FLD12":2,"FLD13":3,"FLD14":5,"FLD15":2,"FLD16":1,"FLD17":2,"FLD18":15,"FLD19":48,"FLD20":37,"FLD21":438,"FLD22":55,"FLD23":550,"FLD24":44,"FLD25":30,"FLD26":18,"FLD27":1135,"FLD28":0,"FLD29":0,"FLD30":1,"FLD31":0,"FLD32":1,"FLD33":0,"FLD34":0,"FLD35":0,"FLD36":2,"FLD37":2443,"FLD38":3,"FLD39":2},
{"CODE":"R15","ADM_NAME":"MARAHOUE","GEOLOC":"N/A","LEVEL":"REGION","FLD1":50,"FLD2":41,"FLD3":2350,"FLD4":815,"FLD5":3351,"FLD6":1161,"FLD7":258,"FLD8":276,"FLD9":8211,"FLD10":2,"FLD11":3,"FLD12":41,"FLD13":47,"FLD14":63,"FLD15":50,"FLD16":8,"FLD17":5,"FLD18":214,"FLD19":52,"FLD20":16,"FLD21":2648,"FLD22":70,"FLD23":4013,"FLD24":91,"FLD25":213,"FLD26":23,"FLD27":7058,"FLD28":0,"FLD29":0,"FLD30":20,"FLD31":2,"FLD32":18,"FLD33":2,"FLD34":6,"FLD35":2,"FLD36":50,"FLD37":15533,"FLD38":12,"FLD39":13},
{"CODE":"D16","ADM_NAME":"BOUAFLE","GEOLOC":"YES","LEVEL":"DISTRICT","FLD1":14,"FLD2":18,"FLD3":745,"FLD4":417,"FLD5":169,"FLD6":635,"FLD7":128,"FLD8":157,"FLD9":3151,"FLD10":2,"FLD11":3,"FLD12":15,"FLD13":14,"FLD14":31,"FLD15":12,"FLD16":4,"FLD17":3,"FLD18":79,"FLD19":14,"FLD20":3,"FLD21":806,"FLD22":22,"FLD23":1121,"FLD24":36,"FLD25":64,"FLD26":9,"FLD27":2058,"FLD28":0,"FLD29":0,"FLD30":5,"FLD31":1,"FLD32":10,"FLD33":2,"FLD34":4,"FLD35":1,"FLD36":23,"FLD37":5311,"FLD38":6,"FLD39":9},
{"CODE":"D62","ADM_NAME":"SINFRA","GEOLOC":"YES","LEVEL":"DISTRICT","FLD1":28,"FLD2":16,"FLD3":1185,"FLD4":198,"FLD5":1774,"FLD6":233,"FLD7":71,"FLD8":71,"FLD9":3532,"FLD10":0,"FLD11":0,"FLD12":17,"FLD13":18,"FLD14":15,"FLD15":18,"FLD16":3,"FLD17":1,"FLD18":72,"FLD19":30,"FLD20":7,"FLD21":1461,"FLD22":21,"FLD23":2294,"FLD24":17,"FLD25":80,"FLD26":7,"FLD27":3880,"FLD28":0,"FLD29":0,"FLD30":11,"FLD31":1,"FLD32":7,"FLD33":0,"FLD34":1,"FLD35":1,"FLD36":21,"FLD37":7505,"FLD38":4,"FLD39":3},
{"CODE":"D75","ADM_NAME":"ZUENOULA","GEOLOC":"YES","LEVEL":"DISTRICT","FLD1":8,"FLD2":7,"FLD3":420,"FLD4":200,"FLD5":508,"FLD6":293,"FLD7":59,"FLD8":48,"FLD9":1528,"FLD10":0,"FLD11":0,"FLD12":9,"FLD13":15,"FLD14":17,"FLD15":20,"FLD16":1,"FLD17":1,"FLD18":63,"FLD19":8,"FLD20":6,"FLD21":381,"FLD22":27,"FLD23":598,"FLD24":38,"FLD25":69,"FLD26":7,"FLD27":1120,"FLD28":0,"FLD29":0,"FLD30":4,"FLD31":0,"FLD32":1,"FLD33":0,"FLD34":1,"FLD35":0,"FLD36":6,"FLD37":2717,"FLD38":2,"FLD39":1},
{"CODE":"R16","ADM_NAME":"N'ZI-IFFOU","GEOLOC":"N/A","LEVEL":"REGION","FLD1":56,"FLD2":45,"FLD3":1867,"FLD4":673,"FLD5":2308,"FLD6":979,"FLD7":273,"FLD8":287,"FLD9":6387,"FLD10":2,"FLD11":4,"FLD12":52,"FLD13":42,"FLD14":83,"FLD15":85,"FLD16":52,"FLD17":27,"FLD18":341,"FLD19":70,"FLD20":13,"FLD21":1778,"FLD22":116,"FLD23":2332,"FLD24":123,"FLD25":259,"FLD26":43,"FLD27":4651,"FLD28":1,"FLD29":0,"FLD30":28,"FLD31":0,"FLD32":11,"FLD33":4,"FLD34":5,"FLD35":2,"FLD36":50,"FLD37":11429,"FLD38":40,"FLD39":42},
{"CODE":"D14","ADM_NAME":"BOCANDA","GEOLOC":"YES","LEVEL":"DISTRICT","FLD1":10,"FLD2":7,"FLD3":336,"FLD4":104,"FLD5":405,"FLD6":201,"FLD7":69,"FLD8":48,"FLD9":1163,"FLD10":2,"FLD11":0,"FLD12":5,"FLD13":2,"FLD14":5,"FLD15":5,"FLD16":3,"FLD17":2,"FLD18":22,"FLD19":2,"FLD20":1,"FLD21":338,"FLD22":7,"FLD23":441,"FLD24":10,"FLD25":17,"FLD26":6,"FLD27":819,"FLD28":0,"FLD29":0,"FLD30":3,"FLD31":0,"FLD32":0,"FLD33":0,"FLD34":0,"FLD35":0,"FLD36":3,"FLD37":2007,"FLD38":3,"FLD39":7},
{"CODE":"D24","ADM_NAME":"BONGOUANOU","GEOLOC":"YES","LEVEL":"DISTRICT","FLD1":19,"FLD2":15,"FLD3":487,"FLD4":230,"FLD5":669,"FLD6":292,"FLD7":111,"FLD8":99,"FLD9":1888,"FLD10":0,"FLD11":1,"FLD12":31,"FLD13":25,"FLD14":57,"FLD15":54,"FLD16":45,"FLD17":22,"FLD18":234,"FLD19":33,"FLD20":2,"FLD21":859,"FLD22":68,"FLD23":1084,"FLD24":30,"FLD25":154,"FLD26":10,"FLD27":2205,"FLD28":0,"FLD29":0,"FLD30":10,"FLD31":0,"FLD32":1,"FLD33":2,"FLD34":0,"FLD35":0,"FLD36":13,"FLD37":4340,"FLD38":28,"FLD39":28},
{"CODE":"D29","ADM_NAME":"DAOUKRO","GEOLOC":"YES","LEVEL":"DISTRICT","FLD1":7,"FLD2":5,"FLD3":425,"FLD4":145,"FLD5":540,"FLD6":157,"FLD7":24,"FLD8":36,"FLD9":1327,"FLD10":0,"FLD11":1,"FLD12":4,"FLD13":7,"FLD14":5,"FLD15":13,"FLD16":3,"FLD17":2,"FLD18":34,"FLD19":15,"FLD20":4,"FLD21":292,"FLD22":23,"FLD23":345,"FLD24":11,"FLD25":36,"FLD26":1,"FLD27":708,"FLD28":0,"FLD29":0,"FLD30":4,"FLD31":0,"FLD32":2,"FLD33":0,"FLD34":5,"FLD35":2,"FLD36":13,"FLD37":2082,"FLD38":5,"FLD39":1},
{"CODE":"D31","ADM_NAME":"DIMBOKRO","GEOLOC":"YES","LEVEL":"DISTRICT","FLD1":12,"FLD2":7,"FLD3":382,"FLD4":116,"FLD5":366,"FLD6":189,"FLD7":28,"FLD8":58,"FLD9":1139,"FLD10":0,"FLD11":1,"FLD12":8,"FLD13":3,"FLD14":12,"FLD15":8,"FLD16":1,"FLD17":1,"FLD18":33,"FLD19":7,"FLD20":6,"FLD21":160,"FLD22":5,"FLD23":232,"FLD24":44,"FLD25":39,"FLD26":18,"FLD27":498,"FLD28":1,"FLD29":0,"FLD30":8,"FLD31":0,"FLD32":8,"FLD33":1,"FLD34":0,"FLD35":0,"FLD36":17,"FLD37":1687,"FLD38":3,"FLD39":1},
{"CODE":"D50","ADM_NAME":"M'BAHIAKRO","GEOLOC":"YES","LEVEL":"DISTRICT","FLD1":6,"FLD2":8,"FLD3":167,"FLD4":48,"FLD5":174,"FLD6":82,"FLD7":18,"FLD8":25,"FLD9":514,"FLD10":0,"FLD11":1,"FLD12":4,"FLD13":5,"FLD14":2,"FLD15":3,"FLD16":0,"FLD17":0,"FLD18":14,"FLD19":11,"FLD20":0,"FLD21":91,"FLD22":13,"FLD23":155,"FLD24":24,"FLD25":10,"FLD26":4,"FLD27":297,"FLD28":0,"FLD29":0,"FLD30":0,"FLD31":0,"FLD32":0,"FLD33":1,"FLD34":0,"FLD35":0,"FLD36":1,"FLD37":826,"FLD38":1,"FLD39":4},
{"CODE":"D57","ADM_NAME":"PRIKRO","GEOLOC":"YES","LEVEL":"DISTRICT","FLD1":2,"FLD2":3,"FLD3":70,"FLD4":30,"FLD5":154,"FLD6":58,"FLD7":23,"FLD8":21,"FLD9":356,"FLD10":0,"FLD11":0,"FLD12":0,"FLD13":0,"FLD14":2,"FLD15":2,"FLD16":0,"FLD17":0,"FLD18":4,"FLD19":2,"FLD20":0,"FLD21":38,"FLD22":0,"FLD23":75,"FLD24":4,"FLD25":3,"FLD26":4,"FLD27":124,"FLD28":0,"FLD29":0,"FLD30":3,"FLD31":0,"FLD32":0,"FLD33":0,"FLD34":0,"FLD35":0,"FLD36":3,"FLD37":487,"FLD38":0,"FLD39":1},
{"CODE":"R17","ADM_NAME":"PORO-TCHOLOGO-BAGOUE","GEOLOC":"N/A","LEVEL":"REGION","FLD1":72,"FLD2":77,"FLD3":4277,"FLD4":770,"FLD5":7528,"FLD6":1887,"FLD7":501,"FLD8":263,"FLD9":15226,"FLD10":7,"FLD11":3,"FLD12":166,"FLD13":31,"FLD14":234,"FLD15":80,"FLD16":23,"FLD17":24,"FLD18":558,"FLD19":211,"FLD20":52,"FLD21":4617,"FLD22":267,"FLD23":7946,"FLD24":417,"FLD25":572,"FLD26":127,"FLD27":13946,"FLD28":3,"FLD29":0,"FLD30":38,"FLD31":2,"FLD32":32,"FLD33":26,"FLD34":1,"FLD35":0,"FLD36":99,"FLD37":29829,"FLD38":73,"FLD39":50},
{"CODE":"D23","ADM_NAME":"BOUNDIALI","GEOLOC":"YES","LEVEL":"DISTRICT","FLD1":14,"FLD2":13,"FLD3":684,"FLD4":107,"FLD5":171,"FLD6":375,"FLD7":31,"FLD8":28,"FLD9":2296,"FLD10":1,"FLD11":0,"FLD12":5,"FLD13":2,"FLD14":15,"FLD15":3,"FLD16":4,"FLD17":2,"FLD18":31,"FLD19":10,"FLD20":2,"FLD21":606,"FLD22":21,"FLD23":925,"FLD24":45,"FLD25":32,"FLD26":3,"FLD27":1632,"FLD28":0,"FLD29":0,"FLD30":2,"FLD31":0,"FLD32":0,"FLD33":3,"FLD34":0,"FLD35":0,"FLD36":5,"FLD37":3964,"FLD38":8,"FLD39":5},
{"CODE":"D34","ADM_NAME":"FERKESSEDOUGOU","GEOLOC":"YES","LEVEL":"DISTRICT","FLD1":12,"FLD2":9,"FLD3":491,"FLD4":117,"FLD5":633,"FLD6":208,"FLD7":49,"FLD8":17,"FLD9":1515,"FLD10":1,"FLD11":0,"FLD12":4,"FLD13":5,"FLD14":17,"FLD15":6,"FLD16":5,"FLD17":0,"FLD18":37,"FLD19":40,"FLD20":0,"FLD21":631,"FLD22":37,"FLD23":662,"FLD24":54,"FLD25":42,"FLD26":18,"FLD27":1444,"FLD28":0,"FLD29":0,"FLD30":3,"FLD31":0,"FLD32":1,"FLD33":2,"FLD34":0,"FLD35":0,"FLD36":6,"FLD37":3002,"FLD38":12,"FLD39":3},
{"CODE":"D45","ADM_NAME":"KORHOGO","GEOLOC":"YES","LEVEL":"DISTRICT","FLD1":30,"FLD2":39,"FLD3":2383,"FLD4":353,"FLD5":4604,"FLD6":882,"FLD7":296,"FLD8":146,"FLD9":8664,"FLD10":2,"FLD11":3,"FLD12":139,"FLD13":20,"FLD14":186,"FLD15":43,"FLD16":14,"FLD17":11,"FLD18":413,"FLD19":125,"FLD20":34,"FLD21":2463,"FLD22":131,"FLD23":5237,"FLD24":179,"FLD25":421,"FLD26":52,"FLD27":8483,"FLD28":3,"FLD29":0,"FLD30":32,"FLD31":2,"FLD32":27,"FLD33":21,"FLD34":1,"FLD35":0,"FLD36":83,"FLD37":17643,"FLD38":35,"FLD39":27},
{"CODE":"D55","ADM_NAME":"OUANGOLODOUGOU","GEOLOC":"YES","LEVEL":"DISTRICT","FLD1":9,"FLD2":9,"FLD3":376,"FLD4":114,"FLD5":676,"FLD6":255,"FLD7":110,"FLD8":67,"FLD9":1598,"FLD10":3,"FLD11":0,"FLD12":17,"FLD13":1,"FLD14":13,"FLD15":19,"FLD16":0,"FLD17":9,"FLD18":59,"FLD19":30,"FLD20":12,"FLD21":383,"FLD22":48,"FLD23":498,"FLD24":97,"FLD25":59,"FLD26":26,"FLD27":1111,"FLD28":0,"FLD29":0,"FLD30":1,"FLD31":0,"FLD32":4,"FLD33":0,"FLD34":0,"FLD35":0,"FLD36":5,"FLD37":2773,"FLD38":1,"FLD39":3},
{"CODE":"D66","ADM_NAME":"TENGRELA","GEOLOC":"YES","LEVEL":"DISTRICT","FLD1":7,"FLD2":7,"FLD3":343,"FLD4":79,"FLD5":544,"FLD6":167,"FLD7":15,"FLD8":5,"FLD9":1153,"FLD10":0,"FLD11":0,"FLD12":1,"FLD13":3,"FLD14":3,"FLD15":9,"FLD16":0,"FLD17":2,"FLD18":18,"FLD19":6,"FLD20":4,"FLD21":534,"FLD22":30,"FLD23":624,"FLD24":42,"FLD25":18,"FLD26":28,"FLD27":1276,"FLD28":0,"FLD29":0,"FLD30":0,"FLD31":0,"FLD32":0,"FLD33":0,"FLD34":0,"FLD35":0,"FLD36":0,"FLD37":2447,"FLD38":17,"FLD39":12},
{"CODE":"R18","ADM_NAME":"SUD-COMOE","GEOLOC":"N/A","LEVEL":"REGION","FLD1":114,"FLD2":28,"FLD3":2872,"FLD4":357,"FLD5":6109,"FLD6":753,"FLD7":243,"FLD8":138,"FLD9":10472,"FLD10":5,"FLD11":4,"FLD12":167,"FLD13":53,"FLD14":455,"FLD15":115,"FLD16":14,"FLD17":32,"FLD18":836,"FLD19":47,"FLD20":3,"FLD21":1826,"FLD22":84,"FLD23":3293,"FLD24":235,"FLD25":216,"FLD26":56,"FLD27":5710,"FLD28":0,"FLD29":0,"FLD30":15,"FLD31":3,"FLD32":20,"FLD33":10,"FLD34":0,"FLD35":0,"FLD36":48,"FLD37":17066,"FLD38":36,"FLD39":31},
{"CODE":"D03","ADM_NAME":"ABOISSO","GEOLOC":"YES","LEVEL":"DISTRICT","FLD1":32,"FLD2":16,"FLD3":1175,"FLD4":180,"FLD5":1984,"FLD6":369,"FLD7":92,"FLD8":67,"FLD9":3867,"FLD10":2,"FLD11":3,"FLD12":131,"FLD13":14,"FLD14":374,"FLD15":76,"FLD16":12,"FLD17":10,"FLD18":617,"FLD19":9,"FLD20":0,"FLD21":870,"FLD22":50,"FLD23":1380,"FLD24":93,"FLD25":125,"FLD26":28,"FLD27":2546,"FLD28":0,"FLD29":0,"FLD30":8,"FLD31":3,"FLD32":10,"FLD33":5,"FLD34":0,"FLD35":0,"FLD36":26,"FLD37":7056,"FLD38":11,"FLD39":13},
{"CODE":"D04","ADM_NAME":"ADIAKE","GEOLOC":"YES","LEVEL":"DISTRICT","FLD1":54,"FLD2":3,"FLD3":557,"FLD4":62,"FLD5":903,"FLD6":180,"FLD7":68,"FLD8":41,"FLD9":1811,"FLD10":1,"FLD11":0,"FLD12":6,"FLD13":31,"FLD14":55,"FLD15":27,"FLD16":1,"FLD17":21,"FLD18":141,"FLD19":17,"FLD20":1,"FLD21":437,"FLD22":20,"FLD23":618,"FLD24":31,"FLD25":25,"FLD26":25,"FLD27":1156,"FLD28":0,"FLD29":0,"FLD30":1,"FLD31":0,"FLD32":2,"FLD33":3,"FLD34":0,"FLD35":0,"FLD36":6,"FLD37":3114,"FLD38":15,"FLD39":13},
{"CODE":"D37","ADM_NAME":"GRAND-BASSAM","GEOLOC":"YES","LEVEL":"DISTRICT","FLD1":28,"FLD2":9,"FLD3":1140,"FLD4":115,"FLD5":3222,"FLD6":204,"FLD7":83,"FLD8":30,"FLD9":4794,"FLD10":2,"FLD11":1,"FLD12":30,"FLD13":8,"FLD14":26,"FLD15":12,"FLD16":1,"FLD17":1,"FLD18":78,"FLD19":21,"FLD20":2,"FLD21":519,"FLD22":14,"FLD23":1295,"FLD24":111,"FLD25":66,"FLD26":3,"FLD27":2008,"FLD28":0,"FLD29":0,"FLD30":6,"FLD31":0,"FLD32":8,"FLD33":2,"FLD34":0,"FLD35":0,"FLD36":16,"FLD37":6896,"FLD38":10,"FLD39":5},
{"CODE":"R19","ADM_NAME":"TONKPI","GEOLOC":"N/A","LEVEL":"REGION","FLD1":82,"FLD2":77,"FLD3":3363,"FLD4":960,"FLD5":3429,"FLD6":1422,"FLD7":287,"FLD8":266,"FLD9":9727,"FLD10":10,"FLD11":6,"FLD12":67,"FLD13":24,"FLD14":131,"FLD15":96,"FLD16":25,"FLD17":26,"FLD18":369,"FLD19":32,"FLD20":10,"FLD21":1342,"FLD22":62,"FLD23":1704,"FLD24":102,"FLD25":154,"FLD26":23,"FLD27":3387,"FLD28":0,"FLD29":16,"FLD30":72,"FLD31":0,"FLD32":26,"FLD33":0,"FLD34":7,"FLD35":0,"FLD36":105,"FLD37":13588,"FLD38":31,"FLD39":24},
{"CODE":"D12","ADM_NAME":"BIANKOUMA","GEOLOC":"YES","LEVEL":"DISTRICT","FLD1":10,"FLD2":5,"FLD3":611,"FLD4":102,"FLD5":562,"FLD6":191,"FLD7":24,"FLD8":43,"FLD9":1533,"FLD10":0,"FLD11":0,"FLD12":16,"FLD13":4,"FLD14":22,"FLD15":12,"FLD16":5,"FLD17":3,"FLD18":62,"FLD19":2,"FLD20":1,"FLD21":122,"FLD22":13,"FLD23":105,"FLD24":20,"FLD25":3,"FLD26":2,"FLD27":265,"FLD28":0,"FLD29":0,"FLD30":1,"FLD31":0,"FLD32":0,"FLD33":0,"FLD34":0,"FLD35":0,"FLD36":1,"FLD37":1861,"FLD38":7,"FLD39":3},
{"CODE":"D28","ADM_NAME":"DANANE","GEOLOC":"YES","LEVEL":"DISTRICT","FLD1":13,"FLD2":34,"FLD3":694,"FLD4":266,"FLD5":684,"FLD6":316,"FLD7":73,"FLD8":62,"FLD9":2095,"FLD10":7,"FLD11":1,"FLD12":14,"FLD13":2,"FLD14":24,"FLD15":10,"FLD16":4,"FLD17":1,"FLD18":55,"FLD19":0,"FLD20":1,"FLD21":413,"FLD22":16,"FLD23":629,"FLD24":31,"FLD25":19,"FLD26":9,"FLD27":1117,"FLD28":0,"FLD29":16,"FLD30":36,"FLD31":0,"FLD32":7,"FLD33":0,"FLD34":5,"FLD35":0,"FLD36":48,"FLD37":3315,"FLD38":6,"FLD39":20},
{"CODE":"D48","ADM_NAME":"MAN","GEOLOC":"YES","LEVEL":"DISTRICT","FLD1":34,"FLD2":24,"FLD3":1015,"FLD4":332,"FLD5":1105,"FLD6":444,"FLD7":114,"FLD8":82,"FLD9":3092,"FLD10":1,"FLD11":4,"FLD12":16,"FLD13":11,"FLD14":53,"FLD15":62,"FLD16":12,"FLD17":20,"FLD18":174,"FLD19":27,"FLD20":6,"FLD21":671,"FLD22":25,"FLD23":846,"FLD24":34,"FLD25":118,"FLD26":5,"FLD27":1699,"FLD28":0,"FLD29":0,"FLD30":22,"FLD31":0,"FLD32":19,"FLD33":0,"FLD34":2,"FLD35":0,"FLD36":43,"FLD37":5008,"FLD38":11,"FLD39":0},
{"CODE":"D74","ADM_NAME":"ZOUAN-HOUNIEN","GEOLOC":"YES","LEVEL":"DISTRICT","FLD1":25,"FLD2":14,"FLD3":143,"FLD4":260,"FLD5":178,"FLD6":471,"FLD7":76,"FLD8":79,"FLD9":3007,"FLD10":2,"FLD11":1,"FLD12":21,"FLD13":7,"FLD14":32,"FLD15":12,"FLD16":4,"FLD17":2,"FLD18":78,"FLD19":3,"FLD20":2,"FLD21":136,"FLD22":8,"FLD23":124,"FLD24":17,"FLD25":14,"FLD26":7,"FLD27":306,"FLD28":0,"FLD29":0,"FLD30":13,"FLD31":0,"FLD32":0,"FLD33":0,"FLD34":0,"FLD35":0,"FLD36":13,"FLD37":3404,"FLD38":7,"FLD39":1},
{"CODE":"R20","ADM_NAME":"WORODOUGOU-BERE","GEOLOC":"N/A","LEVEL":"REGION","FLD1":48,"FLD2":24,"FLD3":2522,"FLD4":343,"FLD5":4374,"FLD6":660,"FLD7":235,"FLD8":98,"FLD9":8232,"FLD10":4,"FLD11":0,"FLD12":22,"FLD13":19,"FLD14":57,"FLD15":26,"FLD16":5,"FLD17":5,"FLD18":134,"FLD19":51,"FLD20":5,"FLD21":3199,"FLD22":89,"FLD23":5095,"FLD24":133,"FLD25":398,"FLD26":20,"FLD27":8934,"FLD28":0,"FLD29":0,"FLD30":12,"FLD31":1,"FLD32":15,"FLD33":0,"FLD34":0,"FLD35":0,"FLD36":28,"FLD37":17328,"FLD38":18,"FLD39":27},
{"CODE":"D49","ADM_NAME":"MANKONO","GEOLOC":"YES","LEVEL":"DISTRICT","FLD1":31,"FLD2":18,"FLD3":1130,"FLD4":252,"FLD5":2287,"FLD6":475,"FLD7":132,"FLD8":69,"FLD9":4345,"FLD10":3,"FLD11":0,"FLD12":19,"FLD13":15,"FLD14":48,"FLD15":9,"FLD16":2,"FLD17":3,"FLD18":96,"FLD19":24,"FLD20":2,"FLD21":1398,"FLD22":37,"FLD23":2599,"FLD24":77,"FLD25":224,"FLD26":11,"FLD27":4346,"FLD28":0,"FLD29":0,"FLD30":9,"FLD31":0,"FLD32":13,"FLD33":0,"FLD34":0,"FLD35":0,"FLD36":22,"FLD37":8809,"FLD38":8,"FLD39":10},
{"CODE":"D60","ADM_NAME":"SEGUELA","GEOLOC":"YES","LEVEL":"DISTRICT","FLD1":17,"FLD2":6,"FLD3":1392,"FLD4":91,"FLD5":287,"FLD6":185,"FLD7":103,"FLD8":29,"FLD9":3887,"FLD10":1,"FLD11":0,"FLD12":3,"FLD13":4,"FLD14":9,"FLD15":17,"FLD16":3,"FLD17":2,"FLD18":38,"FLD19":27,"FLD20":3,"FLD21":1801,"FLD22":52,"FLD23":2496,"FLD24":56,"FLD25":174,"FLD26":9,"FLD27":4588,"FLD28":0,"FLD29":0,"FLD30":3,"FLD31":1,"FLD32":2,"FLD33":0,"FLD34":0,"FLD35":0,"FLD36":6,"FLD37":8519,"FLD38":10,"FLD39":17},
{"CODE":"P01","ADM_NAME":"TOTAL CI","GEOLOC":"N/A","LEVEL":"PAYS","FLD1":2638,"FLD2":1910,"FLD3":63821,"FLD4":16475,"FLD5":91273,"FLD6":29158,"FLD7":9509,"FLD8":5129,"FLD9":215365,"FLD10":203,"FLD11":145,"FLD12":274,"FLD13":943,"FLD14":3182,"FLD15":1631,"FLD16":496,"FLD17":431,"FLD18":8757,"FLD19":2526,"FLD20":452,"FLD21":59524,"FLD22":2670,"FLD23":85273,"FLD24":4446,"FLD25":7907,"FLD26":1485,"FLD27":161305,"FLD28":56,"FLD29":31,"FLD30":960,"FLD31":209,"FLD32":186,"FLD33":414,"FLD34":201,"FLD35":66,"FLD36":2936,"FLD37":388363,"FLD38":1067,"FLD39":906}]
