[ {"ORD":1,"CODE":"R02","ADM_NAME":"ABIDJAN 2","GEOLOC":"N/A","LEVEL":"REGION","FLD1":22821, "FLD2":0.44,"FLD3":357533,"FLD4":0.42},
{"ORD":2,"CODE":"D76","ADM_NAME":"ABOBO EST","GEOLOC":"YES","LEVEL":"DISTRICT","FLD1":22633,"FLD2":0.44,"FLD3":701637,"FLD4":0.21},
{"ORD":3,"CODE":"D77","ADM_NAME":"ABOBO OUEST","GEOLOC":"YES","LEVEL":"DISTRICT","FLD1":32057,"FLD2":0.31,"FLD3":352625,"FLD4":0.43},
{"ORD":4,"CODE":"D78","ADM_NAME":"ANYAMA","GEOLOC":"YES","LEVEL":"DISTRICT","FLD1":9603,"FLD2":1.04,"FLD3":81623,"FLD4":1.84},
{"ORD":5,"CODE":"D79","ADM_NAME":"COCODY BINGERVILLE","GEOLOC":"YES","LEVEL":"DISTRICT","FLD1":23631,"FLD2":0.42,"FLD3":614405,"FLD4":0.24},
{"ORD":6,"CODE":"D80","ADM_NAME":"KOUMASSI-PORT-BOUET-VRIDI","GEOLOC":"YES","LEVEL":"DISTRICT","FLD1":29709,"FLD2":0.34,"FLD3":490207,"FLD4":0.31},
{"ORD":7,"CODE":"D81","ADM_NAME":"MARCORY-TREICHVILLE","GEOLOC":"YES","LEVEL":"DISTRICT","FLD1":17629,"FLD2":0.57,"FLD3":202738,"FLD4":0.74},
{"ORD":8,"CODE":"R01","ADM_NAME":"ABIDJAN 1-GRANDS PONTS","GEOLOC":"N/A","LEVEL":"REGION","FLD1":20163,"FLD2":0.50,"FLD3":342766,"FLD4":0.44},
{"ORD":9,"CODE":"D82","ADM_NAME":"ADJAME-PLATEAU-ATTECOUBE","GEOLOC":"YES","LEVEL":"DISTRICT","FLD1":35138,"FLD2":0.28,"FLD3":737895,"FLD4":0.20},
{"ORD":10,"CODE":"D26","ADM_NAME":"DABOU","GEOLOC":"YES","LEVEL":"DISTRICT","FLD1":5680,"FLD2":1.76,"FLD3":51124,"FLD4":2.93},
{"ORD":11,"CODE":"D38","ADM_NAME":"GRAND-LAHOU","GEOLOC":"YES","LEVEL":"DISTRICT","FLD1":11135,"FLD2":0.90,"FLD3":155884,"FLD4":0.96},
{"ORD":12,"CODE":"D43","ADM_NAME":"JACQUEVILLE","GEOLOC":"YES","LEVEL":"DISTRICT","FLD1":3223,"FLD2":3.10,"FLD3":58008,"FLD4":2.59},
{"ORD":13,"CODE":"D83","ADM_NAME":"YOPOUGON-EST","GEOLOC":"YES","LEVEL":"DISTRICT","FLD1":41358,"FLD2":0.24,"FLD3":null,"FLD4":0.00},
{"ORD":14,"CODE":"D84","ADM_NAME":"YOPOUGON-OUEST-SONGON","GEOLOC":"YES","LEVEL":"DISTRICT","FLD1":27499,"FLD2":0.36,"FLD3":632476,"FLD4":0.24},
{"ORD":15,"CODE":"R03","ADM_NAME":"AGNEBY-TIASSA-ME","GEOLOC":"N/A","LEVEL":"REGION","FLD1":9196,"FLD2":1.09,"FLD3":119549,"FLD4":1.25},
{"ORD":16,"CODE":"D05","ADM_NAME":"ADZOPE","GEOLOC":"YES","LEVEL":"DISTRICT","FLD1":9204,"FLD2":1.09,"FLD3":202498,"FLD4":0.74},
{"ORD":17,"CODE":"D06","ADM_NAME":"AGBOVILLE","GEOLOC":"YES","LEVEL":"DISTRICT","FLD1":9034,"FLD2":1.11,"FLD3":316203,"FLD4":0.47},
{"ORD":18,"CODE":"D08","ADM_NAME":"AKOUPE","GEOLOC":"YES","LEVEL":"DISTRICT","FLD1":12773,"FLD2":0.78,"FLD3":102184,"FLD4":1.47},
{"ORD":19,"CODE":"D09","ADM_NAME":"ALEPE","GEOLOC":"YES","LEVEL":"DISTRICT","FLD1":6933,"FLD2":1.44,"FLD3":65859,"FLD4":2.28},
{"ORD":20,"CODE":"D61","ADM_NAME":"SIKENSI","GEOLOC":"YES","LEVEL":"DISTRICT","FLD1":8491,"FLD2":1.18,"FLD3":84908,"FLD4":1.77},
{"ORD":21,"CODE":"D67","ADM_NAME":"TIASSALE","GEOLOC":"YES","LEVEL":"DISTRICT","FLD1":9136,"FLD2":1.09,"FLD3":85265,"FLD4":1.76},
{"ORD":22,"CODE":"R04","ADM_NAME":"BELIER","GEOLOC":"N/A","LEVEL":"REGION","FLD1":7953,"FLD2":1.26,"FLD3":109065,"FLD4":1.38},
{"ORD":23,"CODE":"D30","ADM_NAME":"DIDIEVI","GEOLOC":"YES","LEVEL":"DISTRICT","FLD1":6805,"FLD2":1.47,"FLD3":102068,"FLD4":1.47},
{"ORD":24,"CODE":"D68","ADM_NAME":"TIEBISSOU","GEOLOC":"YES","LEVEL":"DISTRICT","FLD1":4676,"FLD2":2.14,"FLD3":107554,"FLD4":1.39},
{"ORD":25,"CODE":"D71","ADM_NAME":"TOUMODI","GEOLOC":"YES","LEVEL":"DISTRICT","FLD1":7310,"FLD2":1.37,"FLD3":56041,"FLD4":2.68},
{"ORD":26,"CODE":"D73","ADM_NAME":"YAMOUSSOUKRO","GEOLOC":"YES","LEVEL":"DISTRICT","FLD1":11020,"FLD2":0.91,"FLD3":192856,"FLD4":0.78},
{"ORD":27,"CODE":"R05","ADM_NAME":"BOUNKANI-GONTOUGO","GEOLOC":"N/A","LEVEL":"REGION","FLD1":5952,"FLD2":1.68,"FLD3":98808,"FLD4":1.52},
{"ORD":28,"CODE":"D15","ADM_NAME":"BONDOUKOU","GEOLOC":"YES","LEVEL":"DISTRICT","FLD1":7547,"FLD2":1.33,"FLD3":101881,"FLD4":1.47},
{"ORD":29,"CODE":"D22","ADM_NAME":"BOUNA","GEOLOC":"YES","LEVEL":"DISTRICT","FLD1":6549,"FLD2":1.53,"FLD3":121154,"FLD4":1.24},
{"ORD":30,"CODE":"D52","ADM_NAME":"NASSIAN","GEOLOC":"YES","LEVEL":"DISTRICT","FLD1":4846,"FLD2":2.06,"FLD3":48462,"FLD4":3.10},
{"ORD":31,"CODE":"D65","ADM_NAME":"TANDA","GEOLOC":"YES","LEVEL":"DISTRICT","FLD1":4458,"FLD2":2.24,"FLD3":96594,"FLD4":1.55},
{"ORD":32,"CODE":"R06","ADM_NAME":"CAVALLY-GUEMON","GEOLOC":"N/A","LEVEL":"REGION","FLD1":12066,"FLD2":0.83,"FLD3":213744,"FLD4":0.70},
{"ORD":33,"CODE":"D10","ADM_NAME":"BANGOLO","GEOLOC":"YES","LEVEL":"DISTRICT","FLD1":18593,"FLD2":0.54,"FLD3":353264,"FLD4":0.42},
{"ORD":34,"CODE":"D13","ADM_NAME":"BLOLEQUIN","GEOLOC":"YES","LEVEL":"DISTRICT","FLD1":12744,"FLD2":0.78,"FLD3":127443,"FLD4":1.18},
{"ORD":35,"CODE":"D33","ADM_NAME":"DUEKOUE","GEOLOC":"YES","LEVEL":"DISTRICT","FLD1":12949,"FLD2":0.77,"FLD3":226612,"FLD4":0.66},
{"ORD":36,"CODE":"D40","ADM_NAME":"GUIGLO","GEOLOC":"YES","LEVEL":"DISTRICT","FLD1":13759,"FLD2":0.73,"FLD3":288948,"FLD4":0.52},
{"ORD":37,"CODE":"D46","ADM_NAME":"KOUIBLY","GEOLOC":"YES","LEVEL":"DISTRICT","FLD1":8578,"FLD2":1.17,"FLD3":214442,"FLD4":0.70},
{"ORD":38,"CODE":"D70","ADM_NAME":"TOULEPLEU","GEOLOC":"YES","LEVEL":"DISTRICT","FLD1":4206,"FLD2":2.38,"FLD3":58890,"FLD4":2.55},
{"ORD":39,"CODE":"R07","ADM_NAME":"GBEKE","GEOLOC":"N/A","LEVEL":"REGION","FLD1":10238,"FLD2":0.98,"FLD3":266190,"FLD4":0.56},
{"ORD":40,"CODE":"D20","ADM_NAME":"BEOUMI","GEOLOC":"YES","LEVEL":"DISTRICT","FLD1":6247,"FLD2":1.60,"FLD3":162429,"FLD4":0.92},
{"ORD":41,"CODE":"D17","ADM_NAME":"BOUAKE NORD-EST","GEOLOC":"YES","LEVEL":"DISTRICT","FLD1":11168,"FLD2":0.90,"FLD3":null,"FLD4":0.00},
{"ORD":42,"CODE":"D18","ADM_NAME":"BOUAKE NORD-OUEST","GEOLOC":"YES","LEVEL":"DISTRICT","FLD1":15172,"FLD2":0.66,"FLD3":424821,"FLD4":0.35},
{"ORD":43,"CODE":"D19","ADM_NAME":"BOUAKE-SUD","GEOLOC":"YES","LEVEL":"DISTRICT","FLD1":14468,"FLD2":0.69,"FLD3":188081,"FLD4":0.80},
{"ORD":44,"CODE":"D21","ADM_NAME":"SAKASSOU","GEOLOC":"YES","LEVEL":"DISTRICT","FLD1":4978,"FLD2":2.01,"FLD3":99566,"FLD4":1.51},
{"ORD":45,"CODE":"R08","ADM_NAME":"GBOKLE-NAWA-SAN-PEDRO","GEOLOC":"N/A","LEVEL":"REGION","FLD1":11373,"FLD2":0.88,"FLD3":321689,"FLD4":0.47},
{"ORD":46,"CODE":"D39","ADM_NAME":"GUEYO","GEOLOC":"YES","LEVEL":"DISTRICT","FLD1":8647,"FLD2":1.16,"FLD3":86467,"FLD4":1.73},
{"ORD":47,"CODE":"D58","ADM_NAME":"SAN-PEDRO","GEOLOC":"YES","LEVEL":"DISTRICT","FLD1":26087,"FLD2":0.38,"FLD3":652175,"FLD4":0.23},
{"ORD":48,"CODE":"D59","ADM_NAME":"SASSANDRA","GEOLOC":"YES","LEVEL":"DISTRICT","FLD1":11462,"FLD2":0.87,"FLD3":154737,"FLD4":0.97},
{"ORD":49,"CODE":"D63","ADM_NAME":"SOUBRE","GEOLOC":"YES","LEVEL":"DISTRICT","FLD1":8864,"FLD2":1.13,"FLD3":500843,"FLD4":0.30},
{"ORD":50,"CODE":"D64","ADM_NAME":"TABOU","GEOLOC":"YES","LEVEL":"DISTRICT","FLD1":8783,"FLD2":1.14,"FLD3":202019,"FLD4":0.74},
{"ORD":51,"CODE":"R09","ADM_NAME":"GÔH","GEOLOC":"N/A","LEVEL":"REGION","FLD1":9172,"FLD2":1.09,"FLD3":327126,"FLD4":0.46},
{"ORD":52,"CODE":"D36","ADM_NAME":"GAGNOA","GEOLOC":"YES","LEVEL":"DISTRICT","FLD1":8326,"FLD2":1.20,"FLD3":337218,"FLD4":0.44},
{"ORD":53,"CODE":"D56","ADM_NAME":"OUME","GEOLOC":"YES","LEVEL":"DISTRICT","FLD1":11805,"FLD2":0.85,"FLD3":306942,"FLD4":0.49},
{"ORD":54,"CODE":"R10","ADM_NAME":"HAMBOL","GEOLOC":"N/A","LEVEL":"REGION","FLD1":10569,"FLD2":0.95,"FLD3":158535,"FLD4":0.95},
{"ORD":55,"CODE":"D25","ADM_NAME":"DABAKALA","GEOLOC":"YES","LEVEL":"DISTRICT","FLD1":9968,"FLD2":1.00,"FLD3":209338,"FLD4":0.72},
{"ORD":56,"CODE":"D44","ADM_NAME":"KATIOLA","GEOLOC":"YES","LEVEL":"DISTRICT","FLD1":9096,"FLD2":1.10,"FLD3":118250,"FLD4":1.27},
{"ORD":57,"CODE":"D53","ADM_NAME":"Niakaramandougou","GEOLOC":"YES","LEVEL":"DISTRICT","FLD1":13456,"FLD2":0.74,"FLD3":148018,"FLD4":1.01},
{"ORD":58,"CODE":"R11","ADM_NAME":"HAUT SASSANDRA","GEOLOC":"N/A","LEVEL":"REGION","FLD1":15402,"FLD2":0.65,"FLD3":369653,"FLD4":0.41},
{"ORD":59,"CODE":"D27","ADM_NAME":"DALOA","GEOLOC":"YES","LEVEL":"DISTRICT","FLD1":17696,"FLD2":0.57,"FLD3":362765,"FLD4":0.41},
{"ORD":60,"CODE":"D42","ADM_NAME":"ISSIA","GEOLOC":"YES","LEVEL":"DISTRICT","FLD1":12101,"FLD2":0.83,"FLD3":338819,"FLD4":0.44},
{"ORD":61,"CODE":"D72","ADM_NAME":"VAVOUA","GEOLOC":"YES","LEVEL":"DISTRICT","FLD1":15343,"FLD2":0.65,"FLD3":414263,"FLD4":0.36},
{"ORD":62,"CODE":"R12","ADM_NAME":"INDENIE DUABLIN","GEOLOC":"N/A","LEVEL":"REGION","FLD1":9647,"FLD2":1.04,"FLD3":202583,"FLD4":0.74},
{"ORD":63,"CODE":"D01","ADM_NAME":"ABENGOUROU","GEOLOC":"YES","LEVEL":"DISTRICT","FLD1":10415,"FLD2":0.96,"FLD3":364530,"FLD4":0.41},
{"ORD":64,"CODE":"D07","ADM_NAME":"AGNIBILEKROU","GEOLOC":"YES","LEVEL":"DISTRICT","FLD1":9119,"FLD2":1.10,"FLD3":182388,"FLD4":0.82},
{"ORD":65,"CODE":"D11","ADM_NAME":"BETTIE","GEOLOC":"YES","LEVEL":"DISTRICT","FLD1":7604,"FLD2":1.32,"FLD3":60832,"FLD4":2.47},
{"ORD":66,"CODE":"R13","ADM_NAME":"KABADOUGOU-BAFING-FOLON","GEOLOC":"N/A","LEVEL":"REGION","FLD1":5508,"FLD2":1.82,"FLD3":102442,"FLD4":1.46},
{"ORD":67,"CODE":"D51","ADM_NAME":"MINIGNAN","GEOLOC":"YES","LEVEL":"DISTRICT","FLD1":5518,"FLD2":1.81,"FLD3":104838,"FLD4":1.43},
{"ORD":68,"CODE":"D54","ADM_NAME":"ODIENNE","GEOLOC":"YES","LEVEL":"DISTRICT","FLD1":4870,"FLD2":2.05,"FLD3":102267,"FLD4":1.47},
{"ORD":69,"CODE":"D69","ADM_NAME":"TOUBA","GEOLOC":"YES","LEVEL":"DISTRICT","FLD1":6339,"FLD2":1.58,"FLD3":101419,"FLD4":1.48},
{"ORD":70,"CODE":"R14","ADM_NAME":"LÔH-DJIBOUA","GEOLOC":"N/A","LEVEL":"REGION","FLD1":8807,"FLD2":1.14,"FLD3":222374,"FLD4":0.67},
{"ORD":71,"CODE":"D32","ADM_NAME":"DIVO","GEOLOC":"YES","LEVEL":"DISTRICT","FLD1":9517,"FLD2":1.05,"FLD3":409242,"FLD4":0.37},
{"ORD":72,"CODE":"D35","ADM_NAME":"FRESCO","GEOLOC":"YES","LEVEL":"DISTRICT","FLD1":6542,"FLD2":1.53,"FLD3":104671,"FLD4":1.43},
{"ORD":73,"CODE":"D41","ADM_NAME":"GUITRY","GEOLOC":"YES","LEVEL":"DISTRICT","FLD1":12150,"FLD2":0.82,"FLD3":157950,"FLD4":0.95},
{"ORD":74,"CODE":"D47","ADM_NAME":"LAKOTA","GEOLOC":"YES","LEVEL":"DISTRICT","FLD1":7505,"FLD2":1.33,"FLD3":217634,"FLD4":0.69},
{"ORD":75,"CODE":"R15","ADM_NAME":"MARAHOUE","GEOLOC":"N/A","LEVEL":"REGION","FLD1":13155,"FLD2":0.76,"FLD3":311344,"FLD4":0.48},
{"ORD":76,"CODE":"D16","ADM_NAME":"BOUAFLE","GEOLOC":"YES","LEVEL":"DISTRICT","FLD1":12678,"FLD2":0.79,"FLD3":443740,"FLD4":0.34},
{"ORD":77,"CODE":"D62","ADM_NAME":"SINFRA","GEOLOC":"YES","LEVEL":"DISTRICT","FLD1":21484,"FLD2":0.47,"FLD3":257802,"FLD4":0.58},
{"ORD":78,"CODE":"D75","ADM_NAME":"ZUENOULA","GEOLOC":"YES","LEVEL":"DISTRICT","FLD1":9687,"FLD2":1.03,"FLD3":232491,"FLD4":0.65},
{"ORD":79,"CODE":"R16","ADM_NAME":"N'ZI-IFFOU","GEOLOC":"N/A","LEVEL":"REGION","FLD1":7655,"FLD2":1.31,"FLD3":128217,"FLD4":1.17},
{"ORD":80,"CODE":"D14","ADM_NAME":"BOCANDA","GEOLOC":"YES","LEVEL":"DISTRICT","FLD1":7998,"FLD2":1.25,"FLD3":175960,"FLD4":0.85},
{"ORD":81,"CODE":"D24","ADM_NAME":"BONGOUANOU","GEOLOC":"YES","LEVEL":"DISTRICT","FLD1":9605,"FLD2":1.04,"FLD3":131266,"FLD4":1.14},
{"ORD":82,"CODE":"D29","ADM_NAME":"DAOUKRO","GEOLOC":"YES","LEVEL":"DISTRICT","FLD1":6686,"FLD2":1.50,"FLD3":180513,"FLD4":0.83},
{"ORD":83,"CODE":"D31","ADM_NAME":"DIMBOKRO","GEOLOC":"YES","LEVEL":"DISTRICT","FLD1":5118,"FLD2":1.95,"FLD3":102363,"FLD4":1.47},
{"ORD":84,"CODE":"D50","ADM_NAME":"M'BAHIAKRO","GEOLOC":"YES","LEVEL":"DISTRICT","FLD1":7543,"FLD2":1.33,"FLD3":90512,"FLD4":1.66},
{"ORD":85,"CODE":"D57","ADM_NAME":"PRIKRO","GEOLOC":"YES","LEVEL":"DISTRICT","FLD1":6883,"FLD2":1.45,"FLD3":82592,"FLD4":1.82},
{"ORD":86,"CODE":"R17","ADM_NAME":"PORO-TCHOLOGO-BAGOUE","GEOLOC":"N/A","LEVEL":"REGION","FLD1":10387,"FLD2":0.96,"FLD3":204279,"FLD4":0.73},
{"ORD":87,"CODE":"D23","ADM_NAME":"BOUNDIALI","GEOLOC":"YES","LEVEL":"DISTRICT","FLD1":7676,"FLD2":1.30,"FLD3":97224,"FLD4":1.54},
{"ORD":88,"CODE":"D34","ADM_NAME":"FERKESSEDOUGOU","GEOLOC":"YES","LEVEL":"DISTRICT","FLD1":13407,"FLD2":0.75,"FLD3":134070,"FLD4":1.12},
{"ORD":89,"CODE":"D45","ADM_NAME":"KORHOGO","GEOLOC":"YES","LEVEL":"DISTRICT","FLD1":9455,"FLD2":1.06,"FLD3":869860,"FLD4":0.17},
{"ORD":90,"CODE":"D55","ADM_NAME":"OUANGOLODOUGOU","GEOLOC":"YES","LEVEL":"DISTRICT","FLD1":19615,"FLD2":0.51,"FLD3":137303,"FLD4":1.09},
{"ORD":91,"CODE":"D66","ADM_NAME":"TENGRELA","GEOLOC":"YES","LEVEL":"DISTRICT","FLD1":10326,"FLD2":0.97,"FLD3":134232,"FLD4":1.12},
{"ORD":92,"CODE":"R18","ADM_NAME":"SUD-COMOE","GEOLOC":"N/A","LEVEL":"REGION","FLD1":7321,"FLD2":1.37,"FLD3":66622,"FLD4":2.25},
{"ORD":93,"CODE":"D03","ADM_NAME":"ABOISSO","GEOLOC":"YES","LEVEL":"DISTRICT","FLD1":7254,"FLD2":1.38,"FLD3":79789,"FLD4":1.88},
{"ORD":94,"CODE":"D04","ADM_NAME":"ADIAKE","GEOLOC":"YES","LEVEL":"DISTRICT","FLD1":6726,"FLD2":1.49,"FLD3":80712,"FLD4":1.86},
{"ORD":95,"CODE":"D37","ADM_NAME":"GRAND-BASSAM","GEOLOC":"YES","LEVEL":"DISTRICT","FLD1":8071,"FLD2":1.24,"FLD3":46410,"FLD4":3.23},
{"ORD":96,"CODE":"R19","ADM_NAME":"TONKPI","GEOLOC":"N/A","LEVEL":"REGION","FLD1":9332,"FLD2":1.07,"FLD3":268287,"FLD4":0.56},
{"ORD":97,"CODE":"D12","ADM_NAME":"BIANKOUMA","GEOLOC":"YES","LEVEL":"DISTRICT","FLD1":7070,"FLD2":1.41,"FLD3":212095,"FLD4":0.71},
{"ORD":98,"CODE":"D28","ADM_NAME":"DANANE","GEOLOC":"YES","LEVEL":"DISTRICT","FLD1":13129,"FLD2":0.76,"FLD3":288835,"FLD4":0.52},
{"ORD":99,"CODE":"D48","ADM_NAME":"MAN","GEOLOC":"YES","LEVEL":"DISTRICT","FLD1":9264,"FLD2":1.08,"FLD3":361297,"FLD4":0.42},
{"ORD":100,"CODE":"D74","ADM_NAME":"ZOUAN-HOUNIEN","GEOLOC":"YES","LEVEL":"DISTRICT","FLD1":8788,"FLD2":1.14,"FLD3":210920,"FLD4":0.71},
{"ORD":101,"CODE":"R20","ADM_NAME":"WORODOUGOU-BERE","GEOLOC":"N/A","LEVEL":"REGION","FLD1":8782,"FLD2":1.14,"FLD3":237125,"FLD4":0.63},
{"ORD":102,"CODE":"D49","ADM_NAME":"MANKONO","GEOLOC":"YES","LEVEL":"DISTRICT","FLD1":9266,"FLD2":1.08,"FLD3":426233,"FLD4":0.35},
{"ORD":103,"CODE":"D60","ADM_NAME":"SEGUELA","GEOLOC":"YES","LEVEL":"DISTRICT","FLD1":8147,"FLD2":1.23,"FLD3":142571,"FLD4":1.05},
{"ORD":104,"CODE":"P01","ADM_NAME":"TOTAL CI","GEOLOC":"N/A","LEVEL":"PAYS","FLD1":10911,"FLD2":0.92,"FLD3":204759,"FLD4":0.73}
]
