[{"CODE":"R02","ADM_NAME":"ABIDJAN 2","GEOLOC":"N/A","LEVEL":"REGION","FLD1":3217801,"FLD2":92127,"FLD3":394917,"FLD4":1050216,"FLD5":2167585,"FLD6":968413,"FLD7":168604,"FLD8":140504,"FLD9":21076},
{"CODE":"D76","ADM_NAME":"ABOBO EST","GEOLOC":"YES","LEVEL":"DISTRICT","FLD1":701637,"FLD2":23283,"FLD3":98235,"FLD4":257033,"FLD5":444604,"FLD6":193167,"FLD7":32856,"FLD8":27380,"FLD9":4107},
{"CODE":"D77","ADM_NAME":"ABOBO OUEST","GEOLOC":"YES","LEVEL":"DISTRICT","FLD1":352625,"FLD2":11723,"FLD3":49257,"FLD4":128863,"FLD5":223762,"FLD6":97479,"FLD7":21905,"FLD8":18254,"FLD9":2738},
{"CODE":"D78","ADM_NAME":"ANYAMA","GEOLOC":"YES","LEVEL":"DISTRICT","FLD1":163246,"FLD2":6436,"FLD3":24928,"FLD4":64129,"FLD5":99117,"FLD6":41442,"FLD7":7267,"FLD8":6056,"FLD9":908},
{"CODE":"D79","ADM_NAME":"COCODY BINGERVILLE","GEOLOC":"YES","LEVEL":"DISTRICT","FLD1":614405,"FLD2":15689,"FLD3":64559,"FLD4":169554,"FLD5":444851,"FLD6":210154,"FLD7":35383,"FLD8":29486,"FLD9":4423},
{"CODE":"D80","ADM_NAME":"KOUMASSI-PORT-BOUET-VRIDI","GEOLOC":"YES","LEVEL":"DISTRICT","FLD1":980413,"FLD2":26263,"FLD3":119103,"FLD4":320692,"FLD5":659721,"FLD6":297225,"FLD7":49652,"FLD8":41377,"FLD9":6207},
{"CODE":"D81","ADM_NAME":"MARCORY-TREICHVILLE","GEOLOC":"YES","LEVEL":"DISTRICT","FLD1":405475,"FLD2":8733,"FLD3":38836,"FLD4":109945,"FLD5":295530,"FLD6":128948,"FLD7":21541,"FLD8":17951,"FLD9":2693},
{"CODE":"R01","ADM_NAME":"ABIDJAN 1-GRANDS PONTS","GEOLOC":"N/A","LEVEL":"REGION","FLD1":2399364,"FLD2":73402,"FLD3":316252,"FLD4":838421,"FLD5":1560943,"FLD6":683098,"FLD7":116630,"FLD8":97191,"FLD9":14579},
{"CODE":"D82","ADM_NAME":"ADJAME-PLATEAU-ATTECOUBE","GEOLOC":"YES","LEVEL":"DISTRICT","FLD1":737895,"FLD2":21055,"FLD3":95983,"FLD4":252761,"FLD5":485134,"FLD6":202906,"FLD7":33899,"FLD8":28249,"FLD9":4237},
{"CODE":"D26","ADM_NAME":"DABOU","GEOLOC":"YES","LEVEL":"DISTRICT","FLD1":153371,"FLD2":5407,"FLD3":22867,"FLD4":61401,"FLD5":91970,"FLD6":37370,"FLD7":6972,"FLD8":5810,"FLD9":872},
{"CODE":"D38","ADM_NAME":"GRAND-LAHOU","GEOLOC":"YES","LEVEL":"DISTRICT","FLD1":155884,"FLD2":6102,"FLD3":28044,"FLD4":71494,"FLD5":84390,"FLD6":34692,"FLD7":6474,"FLD8":5395,"FLD9":809},
{"CODE":"D43","ADM_NAME":"JACQUEVILLE","GEOLOC":"YES","LEVEL":"DISTRICT","FLD1":58008,"FLD2":2250,"FLD3":9794,"FLD4":24928,"FLD5":33080,"FLD6":13239,"FLD7":2471,"FLD8":2059,"FLD9":309},
{"CODE":"D83","ADM_NAME":"YOPOUGON-EST","GEOLOC":"YES","LEVEL":"DISTRICT","FLD1":661730,"FLD2":19790,"FLD3":81736,"FLD4":218862,"FLD5":442867,"FLD6":202831,"FLD7":42329,"FLD8":35274,"FLD9":5291},
{"CODE":"D84","ADM_NAME":"YOPOUGON-OUEST-SONGON","GEOLOC":"YES","LEVEL":"DISTRICT","FLD1":632476,"FLD2":18799,"FLD3":77828,"FLD4":208975,"FLD5":423501,"FLD6":192061,"FLD7":24485,"FLD8":20404,"FLD9":3061},
{"CODE":"R03","ADM_NAME":"AGNEBY-TIASSA-ME","GEOLOC":"N/A","LEVEL":"REGION","FLD1":1195490,"FLD2":37731,"FLD3":180386,"FLD4":485663,"FLD5":709827,"FLD6":275319,"FLD7":49673,"FLD8":41394,"FLD9":6209},
{"CODE":"D05","ADM_NAME":"ADZOPE","GEOLOC":"YES","LEVEL":"DISTRICT","FLD1":202498,"FLD2":6823,"FLD3":27152,"FLD4":76241,"FLD5":126257,"FLD6":48964,"FLD7":8994,"FLD8":7495,"FLD9":1124},
{"CODE":"D06","ADM_NAME":"AGBOVILLE","GEOLOC":"YES","LEVEL":"DISTRICT","FLD1":316203,"FLD2":11659,"FLD3":51236,"FLD4":134746,"FLD5":181457,"FLD6":71238,"FLD7":12650,"FLD8":10542,"FLD9":1581},
{"CODE":"D08","ADM_NAME":"AKOUPE","GEOLOC":"YES","LEVEL":"DISTRICT","FLD1":204368,"FLD2":5853,"FLD3":28798,"FLD4":80149,"FLD5":124219,"FLD6":49717,"FLD7":9133,"FLD8":7611,"FLD9":1142},
{"CODE":"D09","ADM_NAME":"ALEPE","GEOLOC":"YES","LEVEL":"DISTRICT","FLD1":131718,"FLD2":4108,"FLD3":20519,"FLD4":55558,"FLD5":76160,"FLD6":29813,"FLD7":5476,"FLD8":4563,"FLD9":684},
{"CODE":"D61","ADM_NAME":"SIKENSI","GEOLOC":"YES","LEVEL":"DISTRICT","FLD1":84908,"FLD2":2882,"FLD3":12671,"FLD4":34919,"FLD5":49989,"FLD6":19594,"FLD7":3479,"FLD8":2899,"FLD9":435},
{"CODE":"D67","ADM_NAME":"TIASSALE","GEOLOC":"YES","LEVEL":"DISTRICT","FLD1":255795,"FLD2":6406,"FLD3":40010,"FLD4":104049,"FLD5":151746,"FLD6":55992,"FLD7":9941,"FLD8":8284,"FLD9":1243},
{"CODE":"R04","ADM_NAME":"BELIER","GEOLOC":"N/A","LEVEL":"REGION","FLD1":763455,"FLD2":23906,"FLD3":110981,"FLD4":312497,"FLD5":450958,"FLD6":175508,"FLD7":31031,"FLD8":25859,"FLD9":3879},
{"CODE":"D30","ADM_NAME":"DIDIEVI","GEOLOC":"YES","LEVEL":"DISTRICT","FLD1":102068,"FLD2":3538,"FLD3":17152,"FLD4":47163,"FLD5":54905,"FLD6":19797,"FLD7":3493,"FLD8":2911,"FLD9":437},
{"CODE":"D68","ADM_NAME":"TIEBISSOU","GEOLOC":"YES","LEVEL":"DISTRICT","FLD1":107554,"FLD2":4013,"FLD3":17716,"FLD4":48947,"FLD5":58607,"FLD6":21543,"FLD7":3800,"FLD8":3167,"FLD9":475},
{"CODE":"D71","ADM_NAME":"TOUMODI","GEOLOC":"YES","LEVEL":"DISTRICT","FLD1":168122,"FLD2":5669,"FLD3":26099,"FLD4":72077,"FLD5":96045,"FLD6":37091,"FLD7":6544,"FLD8":5453,"FLD9":818},
{"CODE":"D73","ADM_NAME":"YAMOUSSOUKRO","GEOLOC":"YES","LEVEL":"DISTRICT","FLD1":385711,"FLD2":10685,"FLD3":50014,"FLD4":144310,"FLD5":241401,"FLD6":97077,"FLD7":17194,"FLD8":14328,"FLD9":2149},
{"CODE":"R05","ADM_NAME":"BOUNKANI-GONTOUGO","GEOLOC":"N/A","LEVEL":"REGION","FLD1":988077,"FLD2":34112,"FLD3":168746,"FLD4":444837,"FLD5":543240,"FLD6":225029,"FLD7":40884,"FLD8":34070,"FLD9":5111},
{"CODE":"D15","ADM_NAME":"BONDOUKOU","GEOLOC":"YES","LEVEL":"DISTRICT","FLD1":407525,"FLD2":14391,"FLD3":68160,"FLD4":180697,"FLD5":226828,"FLD6":93120,"FLD7":17124,"FLD8":14270,"FLD9":2141},
{"CODE":"D22","ADM_NAME":"BOUNA","GEOLOC":"YES","LEVEL":"DISTRICT","FLD1":242308,"FLD2":7741,"FLD3":46261,"FLD4":113765,"FLD5":128543,"FLD6":57382,"FLD7":10134,"FLD8":8445,"FLD9":1267},
{"CODE":"D52","ADM_NAME":"NASSIAN","GEOLOC":"YES","LEVEL":"DISTRICT","FLD1":48462,"FLD2":1563,"FLD3":7743,"FLD4":21445,"FLD5":27017,"FLD6":10894,"FLD7":1924,"FLD8":1603,"FLD9":240},
{"CODE":"D65","ADM_NAME":"TANDA","GEOLOC":"YES","LEVEL":"DISTRICT","FLD1":289782,"FLD2":10418,"FLD3":46583,"FLD4":128929,"FLD5":160853,"FLD6":63634,"FLD7":11702,"FLD8":9752,"FLD9":1463},
{"CODE":"R06","ADM_NAME":"CAVALLY-GUEMON","GEOLOC":"N/A","LEVEL":"REGION","FLD1":1496211,"FLD2":65671,"FLD3":287096,"FLD4":666063,"FLD5":830148,"FLD6":328447,"FLD7":58188,"FLD8":48490,"FLD9":7273},
{"CODE":"D10","ADM_NAME":"BANGOLO","GEOLOC":"YES","LEVEL":"DISTRICT","FLD1":353264,"FLD2":16489,"FLD3":71734,"FLD4":159177,"FLD5":194087,"FLD6":76968,"FLD7":13322,"FLD8":11102,"FLD9":1665},
{"CODE":"D13","ADM_NAME":"BLOLEQUIN","GEOLOC":"YES","LEVEL":"DISTRICT","FLD1":127443,"FLD2":4817,"FLD3":22830,"FLD4":49215,"FLD5":78228,"FLD6":26411,"FLD7":4912,"FLD8":4093,"FLD9":614},
{"CODE":"D33","ADM_NAME":"DUEKOUE","GEOLOC":"YES","LEVEL":"DISTRICT","FLD1":453224,"FLD2":18441,"FLD3":87511,"FLD4":212901,"FLD5":240323,"FLD6":102469,"FLD7":17735,"FLD8":14779,"FLD9":2217},
{"CODE":"D40","ADM_NAME":"GUIGLO","GEOLOC":"YES","LEVEL":"DISTRICT","FLD1":288948,"FLD2":14497,"FLD3":53054,"FLD4":125019,"FLD5":163929,"FLD6":65681,"FLD7":12217,"FLD8":10181,"FLD9":1527},
{"CODE":"D46","ADM_NAME":"KOUIBLY","GEOLOC":"YES","LEVEL":"DISTRICT","FLD1":214442,"FLD2":9196,"FLD3":42048,"FLD4":94526,"FLD5":119916,"FLD6":45308,"FLD7":7843,"FLD8":6536,"FLD9":980},
{"CODE":"D70","ADM_NAME":"TOULEPLEU","GEOLOC":"YES","LEVEL":"DISTRICT","FLD1":58890,"FLD2":2230,"FLD3":9918,"FLD4":25224,"FLD5":33666,"FLD6":11610,"FLD7":2159,"FLD8":1799,"FLD9":270},
{"CODE":"R07","ADM_NAME":"GBEKE","GEOLOC":"N/A","LEVEL":"REGION","FLD1":1064759,"FLD2":36253,"FLD3":165796,"FLD4":446239,"FLD5":618520,"FLD6":243579,"FLD7":44444,"FLD8":37037,"FLD9":5555},
{"CODE":"D20","ADM_NAME":"BEOUMI","GEOLOC":"YES","LEVEL":"DISTRICT","FLD1":162429,"FLD2":5879,"FLD3":27517,"FLD4":74963,"FLD5":87466,"FLD6":32023,"FLD7":5843,"FLD8":4869,"FLD9":730},
{"CODE":"D17","ADM_NAME":"BOUAKE NORD-EST","GEOLOC":"YES","LEVEL":"DISTRICT","FLD1":189861,"FLD2":6299,"FLD3":28570,"FLD4":77130,"FLD5":112731,"FLD6":45533,"FLD7":11923,"FLD8":9936,"FLD9":1490},
{"CODE":"D18","ADM_NAME":"BOUAKE NORD-OUEST","GEOLOC":"YES","LEVEL":"DISTRICT","FLD1":424821,"FLD2":14094,"FLD3":63926,"FLD4":172582,"FLD5":252239,"FLD6":101881,"FLD7":10981,"FLD8":9151,"FLD9":1373},
{"CODE":"D19","ADM_NAME":"BOUAKE-SUD","GEOLOC":"YES","LEVEL":"DISTRICT","FLD1":188081,"FLD2":6240,"FLD3":28302,"FLD4":76407,"FLD5":111674,"FLD6":45106,"FLD7":12224,"FLD8":10187,"FLD9":1528},
{"CODE":"D21","ADM_NAME":"SAKASSOU","GEOLOC":"YES","LEVEL":"DISTRICT","FLD1":99566,"FLD2":3741,"FLD3":17482,"FLD4":45156,"FLD5":54410,"FLD6":19036,"FLD7":3473,"FLD8":2894,"FLD9":434},
{"CODE":"R08","ADM_NAME":"GBOKLE-NAWA-SAN-PEDRO","GEOLOC":"N/A","LEVEL":"REGION","FLD1":2251821,"FLD2":89512,"FLD3":415439,"FLD4":1018663,"FLD5":1233158,"FLD6":519005,"FLD7":96535,"FLD8":80445,"FLD9":12068},
{"CODE":"D39","ADM_NAME":"GUEYO","GEOLOC":"YES","LEVEL":"DISTRICT","FLD1":86467,"FLD2":3732,"FLD3":17467,"FLD4":41635,"FLD5":44832,"FLD6":18824,"FLD7":3502,"FLD8":2918,"FLD9":438},
{"CODE":"D58","ADM_NAME":"SAN-PEDRO","GEOLOC":"YES","LEVEL":"DISTRICT","FLD1":652175,"FLD2":25337,"FLD3":117086,"FLD4":290270,"FLD5":361905,"FLD6":154228,"FLD7":28685,"FLD8":23904,"FLD9":3586},
{"CODE":"D59","ADM_NAME":"SASSANDRA","GEOLOC":"YES","LEVEL":"DISTRICT","FLD1":309474,"FLD2":12983,"FLD3":59190,"FLD4":137312,"FLD5":172162,"FLD6":70738,"FLD7":13157,"FLD8":10964,"FLD9":1645},
{"CODE":"D63","ADM_NAME":"SOUBRE","GEOLOC":"YES","LEVEL":"DISTRICT","FLD1":1001686,"FLD2":39288,"FLD3":183461,"FLD4":461230,"FLD5":540456,"FLD6":229606,"FLD7":42708,"FLD8":35590,"FLD9":5339},
{"CODE":"D64","ADM_NAME":"TABOU","GEOLOC":"YES","LEVEL":"DISTRICT","FLD1":202019,"FLD2":8172,"FLD3":38235,"FLD4":88216,"FLD5":113803,"FLD6":45610,"FLD7":8483,"FLD8":7069,"FLD9":1060},
{"CODE":"R09","ADM_NAME":"G�H","GEOLOC":"N/A","LEVEL":"REGION","FLD1":981377,"FLD2":35397,"FLD3":164843,"FLD4":437495,"FLD5":543882,"FLD6":221597,"FLD7":38020,"FLD8":31684,"FLD9":4753},
{"CODE":"D36","ADM_NAME":"GAGNOA","GEOLOC":"YES","LEVEL":"DISTRICT","FLD1":674435,"FLD2":25365,"FLD3":114953,"FLD4":298751,"FLD5":375684,"FLD6":153005,"FLD7":26252,"FLD8":21877,"FLD9":3282},
{"CODE":"D56","ADM_NAME":"OUME","GEOLOC":"YES","LEVEL":"DISTRICT","FLD1":306942,"FLD2":10032,"FLD3":49889,"FLD4":138744,"FLD5":168198,"FLD6":68592,"FLD7":11768,"FLD8":9807,"FLD9":1471},
{"CODE":"R10","ADM_NAME":"HAMBOL","GEOLOC":"N/A","LEVEL":"REGION","FLD1":475606,"FLD2":18519,"FLD3":85112,"FLD4":219928,"FLD5":255678,"FLD6":104194,"FLD7":18107,"FLD8":15089,"FLD9":2263},
{"CODE":"D25","ADM_NAME":"DABAKALA","GEOLOC":"YES","LEVEL":"DISTRICT","FLD1":209338,"FLD2":8276,"FLD3":38623,"FLD4":100796,"FLD5":108542,"FLD6":43890,"FLD7":7627,"FLD8":6356,"FLD9":953},
{"CODE":"D44","ADM_NAME":"KATIOLA","GEOLOC":"YES","LEVEL":"DISTRICT","FLD1":118250,"FLD2":4499,"FLD3":20286,"FLD4":51927,"FLD5":66323,"FLD6":26682,"FLD7":4637,"FLD8":3864,"FLD9":580},
{"CODE":"D53","ADM_NAME":"NIAKARAMANDOUGOU","GEOLOC":"YES","LEVEL":"DISTRICT","FLD1":148018,"FLD2":5744,"FLD3":26203,"FLD4":67206,"FLD5":80812,"FLD6":33622,"FLD7":5843,"FLD8":4869,"FLD9":730},
{"CODE":"R11","ADM_NAME":"HAUT SASSANDRA","GEOLOC":"N/A","LEVEL":"REGION","FLD1":1478612,"FLD2":49799,"FLD3":253870,"FLD4":661414,"FLD5":817198,"FLD6":328942,"FLD7":61178,"FLD8":50982,"FLD9":7648},
{"CODE":"D27","ADM_NAME":"DALOA","GEOLOC":"YES","LEVEL":"DISTRICT","FLD1":725530,"FLD2":23543,"FLD3":114942,"FLD4":305585,"FLD5":419945,"FLD6":164452,"FLD7":30583,"FLD8":25486,"FLD9":3823},
{"CODE":"D42","ADM_NAME":"ISSIA","GEOLOC":"YES","LEVEL":"DISTRICT","FLD1":338819,"FLD2":11328,"FLD3":58701,"FLD4":157112,"FLD5":181707,"FLD6":73580,"FLD7":13685,"FLD8":11404,"FLD9":1711},
{"CODE":"D72","ADM_NAME":"VAVOUA","GEOLOC":"YES","LEVEL":"DISTRICT","FLD1":414263,"FLD2":14928,"FLD3":80226,"FLD4":198717,"FLD5":215546,"FLD6":90910,"FLD7":16910,"FLD8":14092,"FLD9":2114},
{"CODE":"R12","ADM_NAME":"INDENIE DUABLIN","GEOLOC":"N/A","LEVEL":"REGION","FLD1":607750,"FLD2":20990,"FLD3":96982,"FLD4":257301,"FLD5":350449,"FLD6":143614,"FLD7":25450,"FLD8":21208,"FLD9":3182},
{"CODE":"D01","ADM_NAME":"ABENGOUROU","GEOLOC":"YES","LEVEL":"DISTRICT","FLD1":364530,"FLD2":12309,"FLD3":55196,"FLD4":150180,"FLD5":214350,"FLD6":87474,"FLD7":15502,"FLD8":12918,"FLD9":1938},
{"CODE":"D07","ADM_NAME":"AGNIBILEKROU","GEOLOC":"YES","LEVEL":"DISTRICT","FLD1":182388,"FLD2":6571,"FLD3":31156,"FLD4":79748,"FLD5":102640,"FLD6":42057,"FLD7":7453,"FLD8":6211,"FLD9":932},
{"CODE":"D11","ADM_NAME":"BETTIE","GEOLOC":"YES","LEVEL":"DISTRICT","FLD1":60832,"FLD2":2111,"FLD3":10630,"FLD4":27373,"FLD5":33459,"FLD6":14083,"FLD7":2495,"FLD8":2079,"FLD9":312},
{"CODE":"R13","ADM_NAME":"KABADOUGOU-BAFING-FOLON","GEOLOC":"N/A","LEVEL":"REGION","FLD1":512209,"FLD2":20813,"FLD3":97849,"FLD4":234008,"FLD5":278201,"FLD6":114623,"FLD7":19399,"FLD8":16166,"FLD9":2425},
{"CODE":"D51","ADM_NAME":"MINIGNAN","GEOLOC":"YES","LEVEL":"DISTRICT","FLD1":104838,"FLD2":4867,"FLD3":20406,"FLD4":46557,"FLD5":58281,"FLD6":26722,"FLD7":3805,"FLD8":3171,"FLD9":476},
{"CODE":"D54","ADM_NAME":"ODIENNE","GEOLOC":"YES","LEVEL":"DISTRICT","FLD1":204534,"FLD2":8824,"FLD3":40429,"FLD4":100300,"FLD5":104234,"FLD6":42323,"FLD7":7690,"FLD8":6408,"FLD9":961},
{"CODE":"D69","ADM_NAME":"TOUBA","GEOLOC":"YES","LEVEL":"DISTRICT","FLD1":202837,"FLD2":7122,"FLD3":37014,"FLD4":87151,"FLD5":115686,"FLD6":45578,"FLD7":7904,"FLD8":6587,"FLD9":988},
{"CODE":"R14","ADM_NAME":"L�H-DJIBOUA","GEOLOC":"N/A","LEVEL":"REGION","FLD1":889497,"FLD2":32215,"FLD3":153681,"FLD4":401441,"FLD5":488056,"FLD6":200511,"FLD7":35980,"FLD8":29983,"FLD9":4497},
{"CODE":"D32","ADM_NAME":"DIVO","GEOLOC":"YES","LEVEL":"DISTRICT","FLD1":409242,"FLD2":14237,"FLD3":66849,"FLD4":181825,"FLD5":227417,"FLD6":94182,"FLD7":16817,"FLD8":14014,"FLD9":2102},
{"CODE":"D35","ADM_NAME":"FRESCO","GEOLOC":"YES","LEVEL":"DISTRICT","FLD1":104671,"FLD2":5290,"FLD3":20536,"FLD4":49087,"FLD5":55584,"FLD6":23318,"FLD7":4338,"FLD8":3615,"FLD9":542},
{"CODE":"D41","ADM_NAME":"GUITRY","GEOLOC":"YES","LEVEL":"DISTRICT","FLD1":157950,"FLD2":5562,"FLD3":28463,"FLD4":72876,"FLD5":85074,"FLD6":34623,"FLD7":6184,"FLD8":5153,"FLD9":773},
{"CODE":"D47","ADM_NAME":"LAKOTA","GEOLOC":"YES","LEVEL":"DISTRICT","FLD1":217634,"FLD2":7126,"FLD3":37833,"FLD4":97653,"FLD5":119981,"FLD6":48387,"FLD7":8641,"FLD8":7201,"FLD9":1080},
{"CODE":"R15","ADM_NAME":"MARAHOUE","GEOLOC":"N/A","LEVEL":"REGION","FLD1":934033,"FLD2":36423,"FLD3":167049,"FLD4":425915,"FLD5":508118,"FLD6":203766,"FLD7":36240,"FLD8":30200,"FLD9":4530},
{"CODE":"D16","ADM_NAME":"BOUAFLE","GEOLOC":"YES","LEVEL":"DISTRICT","FLD1":443740,"FLD2":16876,"FLD3":78275,"FLD4":195853,"FLD5":247887,"FLD6":97994,"FLD7":17388,"FLD8":14490,"FLD9":2174},
{"CODE":"D62","ADM_NAME":"SINFRA","GEOLOC":"YES","LEVEL":"DISTRICT","FLD1":257802,"FLD2":11436,"FLD3":46111,"FLD4":120940,"FLD5":136862,"FLD6":56498,"FLD7":10108,"FLD8":8423,"FLD9":1263},
{"CODE":"D75","ADM_NAME":"ZUENOULA","GEOLOC":"YES","LEVEL":"DISTRICT","FLD1":232491,"FLD2":8112,"FLD3":42663,"FLD4":109121,"FLD5":123370,"FLD6":49274,"FLD7":8744,"FLD8":7287,"FLD9":1093},
{"CODE":"R16","ADM_NAME":"N'ZI-IFFOU","GEOLOC":"N/A","LEVEL":"REGION","FLD1":1025739,"FLD2":36210,"FLD3":164259,"FLD4":448885,"FLD5":576854,"FLD6":218517,"FLD7":37343,"FLD8":31120,"FLD9":4668},
{"CODE":"D14","ADM_NAME":"BOCANDA","GEOLOC":"YES","LEVEL":"DISTRICT","FLD1":175960,"FLD2":6486,"FLD3":29478,"FLD4":81666,"FLD5":94294,"FLD6":35419,"FLD7":6054,"FLD8":5045,"FLD9":757},
{"CODE":"D24","ADM_NAME":"BONGOUANOU","GEOLOC":"YES","LEVEL":"DISTRICT","FLD1":393799,"FLD2":14194,"FLD3":62745,"FLD4":166908,"FLD5":226891,"FLD6":86103,"FLD7":14818,"FLD8":12348,"FLD9":1852},
{"CODE":"D29","ADM_NAME":"DAOUKRO","GEOLOC":"YES","LEVEL":"DISTRICT","FLD1":180513,"FLD2":5902,"FLD3":27406,"FLD4":77290,"FLD5":103223,"FLD6":39534,"FLD7":6704,"FLD8":5587,"FLD9":838},
{"CODE":"D31","ADM_NAME":"DIMBOKRO","GEOLOC":"YES","LEVEL":"DISTRICT","FLD1":102363,"FLD2":3053,"FLD3":14558,"FLD4":42030,"FLD5":60333,"FLD6":22361,"FLD7":3823,"FLD8":3186,"FLD9":478},
{"CODE":"D50","ADM_NAME":"M'BAHIAKRO","GEOLOC":"YES","LEVEL":"DISTRICT","FLD1":90512,"FLD2":3374,"FLD3":15258,"FLD4":42060,"FLD5":48452,"FLD6":18468,"FLD7":3128,"FLD8":2607,"FLD9":391},
{"CODE":"D57","ADM_NAME":"PRIKRO","GEOLOC":"YES","LEVEL":"DISTRICT","FLD1":82592,"FLD2":3200,"FLD3":14815,"FLD4":38930,"FLD5":43662,"FLD6":16631,"FLD7":2816,"FLD8":2347,"FLD9":352},
{"CODE":"R17","ADM_NAME":"PORO-TCHOLOGO-BAGOUE","GEOLOC":"N/A","LEVEL":"REGION","FLD1":1838508,"FLD2":69972,"FLD3":339772,"FLD4":843029,"FLD5":995479,"FLD6":420678,"FLD7":71233,"FLD8":59361,"FLD9":8903},
{"CODE":"D23","ADM_NAME":"BOUNDIALI","GEOLOC":"YES","LEVEL":"DISTRICT","FLD1":291671,"FLD2":11263,"FLD3":52824,"FLD4":131899,"FLD5":159772,"FLD6":65842,"FLD7":11164,"FLD8":9303,"FLD9":1395},
{"CODE":"D34","ADM_NAME":"FERKESSEDOUGOU","GEOLOC":"YES","LEVEL":"DISTRICT","FLD1":268140,"FLD2":10541,"FLD3":54323,"FLD4":132955,"FLD5":135185,"FLD6":57574,"FLD7":10099,"FLD8":8416,"FLD9":1262},
{"CODE":"D45","ADM_NAME":"KORHOGO","GEOLOC":"YES","LEVEL":"DISTRICT","FLD1":869860,"FLD2":31032,"FLD3":150576,"FLD4":384562,"FLD5":485298,"FLD6":206841,"FLD7":34874,"FLD8":29062,"FLD9":4359},
{"CODE":"D55","ADM_NAME":"OUANGOLODOUGOU","GEOLOC":"YES","LEVEL":"DISTRICT","FLD1":274605,"FLD2":11119,"FLD3":57691,"FLD4":135085,"FLD5":139520,"FLD6":61377,"FLD7":10171,"FLD8":8476,"FLD9":1271},
{"CODE":"D66","ADM_NAME":"TENGRELA","GEOLOC":"YES","LEVEL":"DISTRICT","FLD1":134232,"FLD2":6017,"FLD3":24358,"FLD4":58528,"FLD5":75704,"FLD6":29045,"FLD7":4925,"FLD8":4104,"FLD9":616},
{"CODE":"R18","ADM_NAME":"SUD-COMOE","GEOLOC":"N/A","LEVEL":"REGION","FLD1":666215,"FLD2":23604,"FLD3":105434,"FLD4":279776,"FLD5":386439,"FLD6":163231,"FLD7":30329,"FLD8":25274,"FLD9":3791},
{"CODE":"D03","ADM_NAME":"ABOISSO","GEOLOC":"YES","LEVEL":"DISTRICT","FLD1":319154,"FLD2":11433,"FLD3":52034,"FLD4":138171,"FLD5":180983,"FLD6":75956,"FLD7":14082,"FLD8":11735,"FLD9":1760},
{"CODE":"D04","ADM_NAME":"ADIAKE","GEOLOC":"YES","LEVEL":"DISTRICT","FLD1":161423,"FLD2":6264,"FLD3":27593,"FLD4":71136,"FLD5":90287,"FLD6":37596,"FLD7":7037,"FLD8":5864,"FLD9":880},
{"CODE":"D37","ADM_NAME":"GRAND-BASSAM","GEOLOC":"YES","LEVEL":"DISTRICT","FLD1":185638,"FLD2":5908,"FLD3":25806,"FLD4":70468,"FLD5":115170,"FLD6":49678,"FLD7":9210,"FLD8":7675,"FLD9":1151},
{"CODE":"R19","ADM_NAME":"TONKPI","GEOLOC":"N/A","LEVEL":"REGION","FLD1":1073147,"FLD2":39438,"FLD3":184054,"FLD4":461624,"FLD5":611523,"FLD6":236123,"FLD7":41882,"FLD8":34902,"FLD9":5236},
{"CODE":"D12","ADM_NAME":"BIANKOUMA","GEOLOC":"YES","LEVEL":"DISTRICT","FLD1":212095,"FLD2":8218,"FLD3":36285,"FLD4":86130,"FLD5":125965,"FLD6":46304,"FLD7":8318,"FLD8":6932,"FLD9":1040},
{"CODE":"D28","ADM_NAME":"DANANE","GEOLOC":"YES","LEVEL":"DISTRICT","FLD1":288835,"FLD2":10072,"FLD3":52134,"FLD4":130337,"FLD5":158498,"FLD6":61844,"FLD7":11004,"FLD8":9170,"FLD9":1376},
{"CODE":"D48","ADM_NAME":"MAN","GEOLOC":"YES","LEVEL":"DISTRICT","FLD1":361297,"FLD2":13457,"FLD3":59041,"FLD4":151588,"FLD5":209709,"FLD6":80649,"FLD7":14330,"FLD8":11942,"FLD9":1791},
{"CODE":"D74","ADM_NAME":"ZOUAN-HOUNIEN","GEOLOC":"YES","LEVEL":"DISTRICT","FLD1":210920,"FLD2":7691,"FLD3":36595,"FLD4":93569,"FLD5":117351,"FLD6":47326,"FLD7":8230,"FLD8":6858,"FLD9":1029},
{"CODE":"R20","ADM_NAME":"WORODOUGOU-BERE","GEOLOC":"N/A","LEVEL":"REGION","FLD1":711375,"FLD2":27603,"FLD3":136159,"FLD4":326972,"FLD5":384403,"FLD6":160797,"FLD7":28752,"FLD8":23960,"FLD9":3594},
{"CODE":"D49","ADM_NAME":"MANKONO","GEOLOC":"YES","LEVEL":"DISTRICT","FLD1":426233,"FLD2":16850,"FLD3":82664,"FLD4":198784,"FLD5":227449,"FLD6":98488,"FLD7":17309,"FLD8":14424,"FLD9":2164},
{"CODE":"D60","ADM_NAME":"SEGUELA","GEOLOC":"YES","LEVEL":"DISTRICT","FLD1":285142,"FLD2":10753,"FLD3":53495,"FLD4":128188,"FLD5":156954,"FLD6":62309,"FLD7":11443,"FLD8":9536,"FLD9":1430},
{"CODE":"P01","ADM_NAME":"TOTAL CI","GEOLOC":"N/A","LEVEL":"PAYS","FLD1":24571046,"FLD2":863699,"FLD3":3988677,"FLD4":10260386,"FLD5":14310660,"FLD6":5934992,"FLD7":1049902,"FLD8":874919,"FLD9":131240}]

