[
{"ORD":1, "CODE":"R02", "ADM_NAME":"ABIDJAN 2", "GEOLOC":"N/A", "LEVEL":"REGION", "FLD1":5266, "FLD2":1.90, "FLD3":3300, "FLD4":1.50, "FLD5":1245, "FLD6":2.40},
{"ORD":2, "CODE":"D76", "ADM_NAME":"ABOBO EST", "GEOLOC":"YES", "LEVEL":"DISTRICT", "FLD1":7884, "FLD2":1.30, "FLD3":4441, "FLD4":1.10, "FLD5":1545, "FLD6":1.90},
{"ORD":3, "CODE":"D77", "ADM_NAME":"ABOBO OUEST", "GEOLOC":"YES", "LEVEL":"DISTRICT", "FLD1":7053, "FLD2":1.40, "FLD3":3833, "FLD4":1.30, "FLD5":1071, "FLD6":2.80},
{"ORD":4, "CODE":"D78", "ADM_NAME":"ANYAMA", "GEOLOC":"YES", "LEVEL":"DISTRICT", "FLD1":5830, "FLD2":1.70, "FLD3":1700, "FLD4":2.90, "FLD5":1151, "FLD6":2.60},
{"ORD":5, "CODE":"D79", "ADM_NAME":"COCODY BINGERVILLE", "GEOLOC":"YES", "LEVEL":"DISTRICT", "FLD1":3042, "FLD2":3.30, "FLD3":2226, "FLD4":2.20, "FLD5":778, "FLD6":3.90},
{"ORD":6, "CODE":"D80", "ADM_NAME":"KOUMASSI-PORT-BOUET-VRIDI", "GEOLOC":"YES", "LEVEL":"DISTRICT", "FLD1":7427, "FLD2":1.30, "FLD3":4456, "FLD4":1.10, "FLD5":1748, "FLD6":1.70},
{"ORD":7, "CODE":"D81", "ADM_NAME":"MARCORY-TREICHVILLE", "GEOLOC":"YES", "LEVEL":"DISTRICT", "FLD1":3686, "FLD2":2.70, "FLD3":3049, "FLD4":1.60, "FLD5":1499, "FLD6":2.00},
{"ORD":8, "CODE":"R01", "ADM_NAME":"ABIDJAN 1-GRANDS PONTS", "GEOLOC":"N/A", "LEVEL":"REGION", "FLD1":7790, "FLD2":1.30, "FLD3":3332, "FLD4":1.50, "FLD5":1400, "FLD6":2.10},
{"ORD":9, "CODE":"D82", "ADM_NAME":"ADJAME-PLATEAU-ATTECOUBE", "GEOLOC":"YES", "LEVEL":"DISTRICT", "FLD1":5676, "FLD2":1.80, "FLD3":2743, "FLD4":1.80, "FLD5":990, "FLD6":3.00},
{"ORD":10, "CODE":"D26", "ADM_NAME":"DABOU", "GEOLOC":"YES", "LEVEL":"DISTRICT", "FLD1":4382, "FLD2":2.30, "FLD3":1382, "FLD4":3.60, "FLD5":719, "FLD6":4.20},
{"ORD":11, "CODE":"D38", "ADM_NAME":"GRAND-LAHOU", "GEOLOC":"YES", "LEVEL":"DISTRICT", "FLD1":11135, "FLD2":0.90, "FLD3":2834, "FLD4":1.80, "FLD5":1196, "FLD6":2.50},
{"ORD":12, "CODE":"D43", "ADM_NAME":"JACQUEVILLE", "GEOLOC":"YES", "LEVEL":"DISTRICT", "FLD1":3223, "FLD2":3.10, "FLD3":921, "FLD4":5.40, "FLD5":779, "FLD6":3.90},
{"ORD":13, "CODE":"D83", "ADM_NAME":"YOPOUGON-EST", "GEOLOC":"YES", "LEVEL":"DISTRICT", "FLD1":22818, "FLD2":0.40, "FLD3":8376, "FLD4":0.60, "FLD5":3220, "FLD6":0.90},
{"ORD":14, "CODE":"D84", "ADM_NAME":"YOPOUGON-OUEST-SONGON", "GEOLOC":"YES", "LEVEL":"DISTRICT", "FLD1":7713, "FLD2":1.30, "FLD3":4423, "FLD4":1.10, "FLD5":1574, "FLD6":1.90},
{"ORD":15, "CODE":"R03", "ADM_NAME":"AGNEBY-TIASSA-ME", "GEOLOC":"N/A", "LEVEL":"REGION", "FLD1":8922, "FLD2":1.10, "FLD3":1992, "FLD4":2.50, "FLD5":1246, "FLD6":2.40},
{"ORD":16, "CODE":"D05", "ADM_NAME":"ADZOPE", "GEOLOC":"YES", "LEVEL":"DISTRICT", "FLD1":8437, "FLD2":1.20, "FLD3":1808, "FLD4":2.80, "FLD5":1255, "FLD6":2.40},
{"ORD":17, "CODE":"D06", "ADM_NAME":"AGBOVILLE", "GEOLOC":"YES", "LEVEL":"DISTRICT", "FLD1":19763, "FLD2":0.50, "FLD3":4392, "FLD4":1.10, "FLD5":1925, "FLD6":1.60},
{"ORD":18, "CODE":"D08", "ADM_NAME":"AKOUPE", "GEOLOC":"YES", "LEVEL":"DISTRICT", "FLD1":6193, "FLD2":1.60, "FLD3":1262, "FLD4":4.00, "FLD5":956, "FLD6":3.10},
{"ORD":19, "CODE":"D09", "ADM_NAME":"ALEPE", "GEOLOC":"YES", "LEVEL":"DISTRICT", "FLD1":5987, "FLD2":1.70, "FLD3":1626, "FLD4":3.10, "FLD5":1028, "FLD6":2.90},
{"ORD":20, "CODE":"D61", "ADM_NAME":"SIKENSI", "GEOLOC":"YES", "LEVEL":"DISTRICT", "FLD1":10614, "FLD2":0.90, "FLD3":2071, "FLD4":2.40, "FLD5":1031, "FLD6":2.90},
{"ORD":21, "CODE":"D67", "ADM_NAME":"TIASSALE", "GEOLOC":"YES", "LEVEL":"DISTRICT", "FLD1":8251, "FLD2":1.20, "FLD3":1938, "FLD4":2.60, "FLD5":1244, "FLD6":2.40},
{"ORD":22, "CODE":"R04", "ADM_NAME":"BELIER", "GEOLOC":"N/A", "LEVEL":"REGION", "FLD1":5532, "FLD2":1.80, "FLD3":1890, "FLD4":2.60, "FLD5":1227, "FLD6":2.40},
{"ORD":23, "CODE":"D30", "ADM_NAME":"DIDIEVI", "GEOLOC":"YES", "LEVEL":"DISTRICT", "FLD1":17011, "FLD2":0.60, "FLD3":2268, "FLD4":2.20, "FLD5":1980, "FLD6":1.50},
{"ORD":24, "CODE":"D68", "ADM_NAME":"TIEBISSOU", "GEOLOC":"YES", "LEVEL":"DISTRICT", "FLD1":8963, "FLD2":1.10, "FLD3":1763, "FLD4":2.80, "FLD5":1134, "FLD6":2.60},
{"ORD":25, "CODE":"D71", "ADM_NAME":"TOUMODI", "GEOLOC":"YES", "LEVEL":"DISTRICT", "FLD1":6227, "FLD2":1.60, "FLD3":1389, "FLD4":3.60, "FLD5":843, "FLD6":3.60},
{"ORD":26, "CODE":"D73", "ADM_NAME":"YAMOUSSOUKRO", "GEOLOC":"YES", "LEVEL":"DISTRICT", "FLD1":4147, "FLD2":2.40, "FLD3":2179, "FLD4":2.30, "FLD5":1387, "FLD6":2.20},
{"ORD":27, "CODE":"R05", "ADM_NAME":"BOUNKANI-GONTOUGO", "GEOLOC":"N/A", "LEVEL":"REGION", "FLD1":14971, "FLD2":0.70, "FLD3":2799, "FLD4":1.80, "FLD5":2185, "FLD6":1.40},
{"ORD":28, "CODE":"D15", "ADM_NAME":"BONDOUKOU", "GEOLOC":"YES", "LEVEL":"DISTRICT", "FLD1":13584, "FLD2":0.70, "FLD3":3064, "FLD4":1.60, "FLD5":2587, "FLD6":1.20},
{"ORD":29, "CODE":"D22", "ADM_NAME":"BOUNA", "GEOLOC":"YES", "LEVEL":"DISTRICT", "FLD1":20192, "FLD2":0.50, "FLD3":3846, "FLD4":1.30, "FLD5":3020, "FLD6":1.00},
{"ORD":30, "CODE":"D52", "ADM_NAME":"NASSIAN", "GEOLOC":"YES", "LEVEL":"DISTRICT", "FLD1":9692, "FLD2":1.00, "FLD3":1731, "FLD4":2.90, "FLD5":1362, "FLD6":2.20},
{"ORD":31, "CODE":"D65", "ADM_NAME":"TANDA", "GEOLOC":"YES", "LEVEL":"DISTRICT", "FLD1":15252, "FLD2":0.70, "FLD3":2246, "FLD4":2.20, "FLD5":1591, "FLD6":1.90},
{"ORD":32, "CODE":"R06", "ADM_NAME":"CAVALLY-GUEMON", "GEOLOC":"N/A", "LEVEL":"REGION", "FLD1":20496, "FLD2":0.50, "FLD3":4055, "FLD4":1.20, "FLD5":2380, "FLD6":1.30},
{"ORD":33, "CODE":"D10", "ADM_NAME":"BANGOLO", "GEOLOC":"YES", "LEVEL":"DISTRICT", "FLD1":35326, "FLD2":0.30, "FLD3":6794, "FLD4":0.70, "FLD5":4051, "FLD6":0.70},
{"ORD":34, "CODE":"D13", "ADM_NAME":"BLOLEQUIN", "GEOLOC":"YES", "LEVEL":"DISTRICT", "FLD1":18206, "FLD2":0.50, "FLD3":3268, "FLD4":1.50, "FLD5":2032, "FLD6":1.50},
{"ORD":35, "CODE":"D33", "ADM_NAME":"DUEKOUE", "GEOLOC":"YES", "LEVEL":"DISTRICT", "FLD1":22661, "FLD2":0.40, "FLD3":4400, "FLD4":1.10, "FLD5":3014, "FLD6":1.00},
{"ORD":36, "CODE":"D40", "ADM_NAME":"GUIGLO", "GEOLOC":"YES", "LEVEL":"DISTRICT", "FLD1":18059, "FLD2":0.60, "FLD3":3042, "FLD4":1.60, "FLD5":1932, "FLD6":1.60},
{"ORD":37, "CODE":"D46", "ADM_NAME":"KOUIBLY", "GEOLOC":"YES", "LEVEL":"DISTRICT", "FLD1":21444, "FLD2":0.50, "FLD3":4468, "FLD4":1.10, "FLD5":1970, "FLD6":1.50},
{"ORD":38, "CODE":"D70", "ADM_NAME":"TOULEPLEU", "GEOLOC":"YES", "LEVEL":"DISTRICT", "FLD1":5889, "FLD2":1.70, "FLD3":1840, "FLD4":2.70, "FLD5":774, "FLD6":3.90},
{"ORD":39, "CODE":"R07", "ADM_NAME":"GBEKE", "GEOLOC":"N/A", "LEVEL":"REGION", "FLD1":12828, "FLD2":0.80, "FLD3":3034, "FLD4":1.60, "FLD5":1494, "FLD6":2.00},
{"ORD":40, "CODE":"D20", "ADM_NAME":"BEOUMI", "GEOLOC":"YES", "LEVEL":"DISTRICT", "FLD1":16243, "FLD2":0.60, "FLD3":3065, "FLD4":1.60, "FLD5":1067, "FLD6":2.80},
{"ORD":41, "CODE":"D17", "ADM_NAME":"BOUAKE NORD-EST", "GEOLOC":"YES", "LEVEL":"DISTRICT", "FLD1":10548, "FLD2":0.90, "FLD3":2752, "FLD4":1.80, "FLD5":1686, "FLD6":1.80},
{"ORD":42, "CODE":"D18", "ADM_NAME":"BOUAKE NORD-OUEST", "GEOLOC":"YES", "LEVEL":"DISTRICT", "FLD1":16339, "FLD2":0.60, "FLD3":4668, "FLD4":1.10, "FLD5":2612, "FLD6":1.10},
{"ORD":43, "CODE":"D19", "ADM_NAME":"BOUAKE-SUD", "GEOLOC":"YES", "LEVEL":"DISTRICT", "FLD1":11064, "FLD2":0.90, "FLD3":2294, "FLD4":2.20, "FLD5":1327, "FLD6":2.30},
{"ORD":44, "CODE":"D21", "ADM_NAME":"SAKASSOU", "GEOLOC":"YES", "LEVEL":"DISTRICT", "FLD1":8297, "FLD2":1.20, "FLD3":1778, "FLD4":2.80, "FLD5":577, "FLD6":5.20},
{"ORD":45, "CODE":"R08", "ADM_NAME":"GBOKLE-NAWA-SAN-PEDRO", "GEOLOC":"N/A", "LEVEL":"REGION", "FLD1":18765, "FLD2":0.50, "FLD3":4117, "FLD4":1.20, "FLD5":2327, "FLD6":1.30},
{"ORD":46, "CODE":"D39", "ADM_NAME":"GUEYO", "GEOLOC":"YES", "LEVEL":"DISTRICT", "FLD1":9607, "FLD2":1.00, "FLD3":2882, "FLD4":1.70, "FLD5":1177, "FLD6":2.50},
{"ORD":47, "CODE":"D58", "ADM_NAME":"SAN-PEDRO", "GEOLOC":"YES", "LEVEL":"DISTRICT", "FLD1":15167, "FLD2":0.70, "FLD3":3706, "FLD4":1.30, "FLD5":1881, "FLD6":1.60},
{"ORD":48, "CODE":"D59", "ADM_NAME":"SASSANDRA", "GEOLOC":"YES", "LEVEL":"DISTRICT", "FLD1":18204, "FLD2":0.50, "FLD3":3821, "FLD4":1.30, "FLD5":2620, "FLD6":1.10},
{"ORD":49, "CODE":"D63", "ADM_NAME":"SOUBRE", "GEOLOC":"YES", "LEVEL":"DISTRICT", "FLD1":26360, "FLD2":0.40, "FLD3":5444, "FLD4":0.90, "FLD5":3328, "FLD6":0.90},
{"ORD":50, "CODE":"D64", "ADM_NAME":"TABOU", "GEOLOC":"YES", "LEVEL":"DISTRICT", "FLD1":15540, "FLD2":0.60, "FLD3":2658, "FLD4":1.90, "FLD5":1573, "FLD6":1.90},
{"ORD":51, "CODE":"R09", "ADM_NAME":"GÔH", "GEOLOC":"N/A", "LEVEL":"REGION", "FLD1":12116, "FLD2":0.80, "FLD3":2337, "FLD4":2.10, "FLD5":1368, "FLD6":2.20},
{"ORD":52, "CODE":"D36", "ADM_NAME":"GAGNOA", "GEOLOC":"YES", "LEVEL":"DISTRICT", "FLD1":35497, "FLD2":0.30, "FLD3":7099, "FLD4":0.70, "FLD5":3923, "FLD6":0.80},
{"ORD":53, "CODE":"D56", "ADM_NAME":"OUME", "GEOLOC":"YES", "LEVEL":"DISTRICT", "FLD1":4951, "FLD2":2.00, "FLD3":944, "FLD4":5.30, "FLD5":558, "FLD6":5.40},
{"ORD":54, "CODE":"R10", "ADM_NAME":"HAMBOL", "GEOLOC":"N/A", "LEVEL":"REGION", "FLD1":11890, "FLD2":0.80, "FLD3":2781, "FLD4":1.80, "FLD5":1603, "FLD6":1.90},
{"ORD":55, "CODE":"D25", "ADM_NAME":"DABAKALA", "GEOLOC":"YES", "LEVEL":"DISTRICT", "FLD1":16103, "FLD2":0.60, "FLD3":3489, "FLD4":1.40, "FLD5":1908, "FLD6":1.60},
{"ORD":56, "CODE":"D44", "ADM_NAME":"KATIOLA", "GEOLOC":"YES", "LEVEL":"DISTRICT", "FLD1":7883, "FLD2":1.30, "FLD3":1792, "FLD4":2.80, "FLD5":1026, "FLD6":2.90},
{"ORD":57, "CODE":"D53", "ADM_NAME":"Niakaramandougou", "GEOLOC":"YES", "LEVEL":"DISTRICT", "FLD1":12335, "FLD2":0.80, "FLD3":3289, "FLD4":1.50, "FLD5":2101, "FLD6":1.40},
{"ORD":58, "CODE":"R11", "ADM_NAME":"HAUT SASSANDRA", "GEOLOC":"N/A", "LEVEL":"REGION", "FLD1":18032, "FLD2":0.60, "FLD3":3243, "FLD4":1.50, "FLD5":1817, "FLD6":1.70},
{"ORD":59, "CODE":"D27", "ADM_NAME":"DALOA", "GEOLOC":"YES", "LEVEL":"DISTRICT", "FLD1":14807, "FLD2":0.70, "FLD3":2973, "FLD4":0.90, "FLD5":1749, "FLD6":0.90},
{"ORD":60, "CODE":"D42", "ADM_NAME":"ISSIA", "GEOLOC":"YES", "LEVEL":"DISTRICT", "FLD1":17833, "FLD2":0.60, "FLD3":2689, "FLD4":3.60, "FLD5":1443, "FLD6":3.80},
{"ORD":61, "CODE":"D72", "ADM_NAME":"VAVOUA", "GEOLOC":"YES", "LEVEL":"DISTRICT", "FLD1":29590, "FLD2":0.30, "FLD3":4817, "FLD4":1.00, "FLD5":2525, "FLD6":1.20},
{"ORD":62, "CODE":"R12", "ADM_NAME":"INDENIE DUABLIN", "GEOLOC":"N/A", "LEVEL":"REGION", "FLD1":9071, "FLD2":1.10, "FLD3":1809, "FLD4":2.80, "FLD5":1227, "FLD6":2.40},
{"ORD":63, "CODE":"D01", "ADM_NAME":"ABENGOUROU", "GEOLOC":"YES", "LEVEL":"DISTRICT", "FLD1":8477, "FLD2":1.20, "FLD3":1805, "FLD4":2.80, "FLD5":1286, "FLD6":2.30},
{"ORD":64, "CODE":"D07", "ADM_NAME":"AGNIBILEKROU", "GEOLOC":"YES", "LEVEL":"DISTRICT", "FLD1":10133, "FLD2":1.00, "FLD3":1900, "FLD4":2.60, "FLD5":1237, "FLD6":2.40},
{"ORD":65, "CODE":"D11", "ADM_NAME":"BETTIE", "GEOLOC":"YES", "LEVEL":"DISTRICT", "FLD1":10139, "FLD2":1.00, "FLD3":1601, "FLD4":3.10, "FLD5":939, "FLD6":3.20},
{"ORD":66, "CODE":"R13", "ADM_NAME":"KABADOUGOU-BAFING-FOLON", "GEOLOC":"N/A", "LEVEL":"REGION", "FLD1":8831, "FLD2":1.10, "FLD3":3104, "FLD4":1.60, "FLD5":1508, "FLD6":2.00},
{"ORD":67, "CODE":"D51", "ADM_NAME":"MINIGNAN", "GEOLOC":"YES", "LEVEL":"DISTRICT", "FLD1":10484, "FLD2":1.00, "FLD3":4032, "FLD4":1.20, "FLD5":1485, "FLD6":2.00},
{"ORD":68, "CODE":"D54", "ADM_NAME":"ODIENNE", "GEOLOC":"YES", "LEVEL":"DISTRICT", "FLD1":7053, "FLD2":1.40, "FLD3":2622, "FLD4":1.90, "FLD5":1283, "FLD6":2.30},
{"ORD":69, "CODE":"D69", "ADM_NAME":"TOUBA", "GEOLOC":"YES", "LEVEL":"DISTRICT", "FLD1":10676, "FLD2":0.90, "FLD3":3325, "FLD4":1.50, "FLD5":1823, "FLD6":1.60},
{"ORD":70, "CODE":"R14", "ADM_NAME":"LÔH-DJIBOUA", "GEOLOC":"N/A", "LEVEL":"REGION", "FLD1":16472, "FLD2":0.60, "FLD3":2671, "FLD4":1.90, "FLD5":1402, "FLD6":2.10},
{"ORD":71, "CODE":"D32", "ADM_NAME":"DIVO", "GEOLOC":"YES", "LEVEL":"DISTRICT", "FLD1":15157, "FLD2":0.70, "FLD3":2165, "FLD4":2.30, "FLD5":1385, "FLD6":2.20},
{"ORD":72, "CODE":"D35", "ADM_NAME":"FRESCO", "GEOLOC":"YES", "LEVEL":"DISTRICT", "FLD1":13084, "FLD2":0.80, "FLD3":2617, "FLD4":1.90, "FLD5":1166, "FLD6":2.60},
{"ORD":73, "CODE":"D41", "ADM_NAME":"GUITRY", "GEOLOC":"YES", "LEVEL":"DISTRICT", "FLD1":31590, "FLD2":0.30, "FLD3":8313, "FLD4":0.60, "FLD5":2885, "FLD6":1.00},
{"ORD":74, "CODE":"D47", "ADM_NAME":"LAKOTA", "GEOLOC":"YES", "LEVEL":"DISTRICT", "FLD1":15545, "FLD2":0.60, "FLD3":2560, "FLD4":2.00, "FLD5":1125, "FLD6":2.70},
{"ORD":75, "CODE":"R15", "ADM_NAME":"MARAHOUE", "GEOLOC":"N/A", "LEVEL":"REGION", "FLD1":17623, "FLD2":0.60, "FLD3":2856, "FLD4":1.80, "FLD5":1904, "FLD6":1.60},
{"ORD":76, "CODE":"D16", "ADM_NAME":"BOUAFLE", "GEOLOC":"YES", "LEVEL":"DISTRICT", "FLD1":17750, "FLD2":0.60, "FLD3":2493, "FLD4":2.00, "FLD5":1849, "FLD6":1.60},
{"ORD":77, "CODE":"D62", "ADM_NAME":"SINFRA", "GEOLOC":"YES", "LEVEL":"DISTRICT", "FLD1":15165, "FLD2":0.70, "FLD3":3069, "FLD4":1.60, "FLD5":2260, "FLD6":1.30},
{"ORD":78, "CODE":"D75", "ADM_NAME":"ZUENOULA", "GEOLOC":"YES", "LEVEL":"DISTRICT", "FLD1":21136, "FLD2":0.50, "FLD3":3577, "FLD4":1.40, "FLD5":1699, "FLD6":1.80},
{"ORD":79, "CODE":"R16", "ADM_NAME":"N'ZI-IFFOU", "GEOLOC":"N/A", "LEVEL":"REGION", "FLD1":10912, "FLD2":0.90, "FLD3":2448, "FLD4":2.00, "FLD5":1643, "FLD6":1.80},
{"ORD":80, "CODE":"D14", "ADM_NAME":"BOCANDA", "GEOLOC":"YES", "LEVEL":"DISTRICT", "FLD1":14663, "FLD2":0.70, "FLD3":3384, "FLD4":1.50, "FLD5":2725, "FLD6":1.10},
{"ORD":81, "CODE":"D24", "ADM_NAME":"BONGOUANOU", "GEOLOC":"YES", "LEVEL":"DISTRICT", "FLD1":16408, "FLD2":0.60, "FLD3":2896, "FLD4":1.70, "FLD5":2208, "FLD6":1.40},
{"ORD":82, "CODE":"D29", "ADM_NAME":"DAOUKRO", "GEOLOC":"YES", "LEVEL":"DISTRICT", "FLD1":10618, "FLD2":0.90, "FLD3":2149, "FLD4":2.30, "FLD5":1581, "FLD6":1.90},
{"ORD":83, "CODE":"D31", "ADM_NAME":"DIMBOKRO", "GEOLOC":"YES", "LEVEL":"DISTRICT", "FLD1":5388, "FLD2":1.90, "FLD3":1383, "FLD4":3.60, "FLD5":1118, "FLD6":2.70},
{"ORD":84, "CODE":"D50", "ADM_NAME":"M'BAHIAKRO", "GEOLOC":"YES", "LEVEL":"DISTRICT", "FLD1":7543, "FLD2":1.30, "FLD3":2382, "FLD4":2.10, "FLD5":923, "FLD6":3.20},
{"ORD":85, "CODE":"D57", "ADM_NAME":"PRIKRO", "GEOLOC":"YES", "LEVEL":"DISTRICT", "FLD1":8259, "FLD2":1.20, "FLD3":2360, "FLD4":2.10, "FLD5":1039, "FLD6":2.90},
{"ORD":86, "CODE":"R17", "ADM_NAME":"PORO-TCHOLOGO-BAGOUE", "GEOLOC":"N/A", "LEVEL":"REGION", "FLD1":18760, "FLD2":0.50, "FLD3":3954, "FLD4":1.30, "FLD5":2550, "FLD6":1.20},
{"ORD":87, "CODE":"D23", "ADM_NAME":"BOUNDIALI", "GEOLOC":"YES", "LEVEL":"DISTRICT", "FLD1":18229, "FLD2":0.50, "FLD3":3942, "FLD4":1.30, "FLD5":2863, "FLD6":1.00},
{"ORD":88, "CODE":"D34", "ADM_NAME":"FERKESSEDOUGOU", "GEOLOC":"YES", "LEVEL":"DISTRICT", "FLD1":22345, "FLD2":0.40, "FLD3":3575, "FLD4":1.40, "FLD5":1985, "FLD6":1.50},
{"ORD":89, "CODE":"D45", "ADM_NAME":"KORHOGO", "GEOLOC":"YES", "LEVEL":"DISTRICT", "FLD1":18122, "FLD2":0.60, "FLD3":3799, "FLD4":1.30, "FLD5":2652, "FLD6":1.10},
{"ORD":90, "CODE":"D55", "ADM_NAME":"OUANGOLODOUGOU", "GEOLOC":"YES", "LEVEL":"DISTRICT", "FLD1":27461, "FLD2":0.40, "FLD3":6538, "FLD4":0.80, "FLD5":3069, "FLD6":1.00},
{"ORD":91, "CODE":"D66", "ADM_NAME":"TENGRELA", "GEOLOC":"YES", "LEVEL":"DISTRICT", "FLD1":11186, "FLD2":0.90, "FLD3":2983, "FLD4":1.70, "FLD5":1936, "FLD6":1.50},
{"ORD":92, "CODE":"R18", "ADM_NAME":"SUD-COMOE", "GEOLOC":"N/A", "LEVEL":"REGION", "FLD1":5646, "FLD2":1.80, "FLD3":1605, "FLD4":3.10, "FLD5":917, "FLD6":3.30},
{"ORD":93, "CODE":"D03", "ADM_NAME":"ABOISSO", "GEOLOC":"YES", "LEVEL":"DISTRICT", "FLD1":6938, "FLD2":1.40, "FLD3":1923, "FLD4":2.60, "FLD5":1013, "FLD6":3.00},
{"ORD":94, "CODE":"D04", "ADM_NAME":"ADIAKE", "GEOLOC":"YES", "LEVEL":"DISTRICT", "FLD1":6209, "FLD2":1.60, "FLD3":1814, "FLD4":2.80, "FLD5":1106, "FLD6":2.70},
{"ORD":95, "CODE":"D37", "ADM_NAME":"GRAND-BASSAM", "GEOLOC":"YES", "LEVEL":"DISTRICT", "FLD1":4036, "FLD2":2.50, "FLD3":1160, "FLD4":4.30, "FLD5":720, "FLD6":4.20},
{"ORD":96, "CODE":"R19", "ADM_NAME":"TONKPI", "GEOLOC":"N/A", "LEVEL":"REGION", "FLD1":15782, "FLD2":0.60, "FLD3":3203, "FLD4":1.60, "FLD5":2207, "FLD6":1.40},
{"ORD":97, "CODE":"D12", "ADM_NAME":"BIANKOUMA", "GEOLOC":"YES", "LEVEL":"DISTRICT", "FLD1":19281, "FLD2":0.50, "FLD3":3421, "FLD4":1.50, "FLD5":2572, "FLD6":1.20},
{"ORD":98, "CODE":"D28", "ADM_NAME":"DANANE", "GEOLOC":"YES", "LEVEL":"DISTRICT", "FLD1":20631, "FLD2":0.50, "FLD3":3703, "FLD4":1.40, "FLD5":2209, "FLD6":1.40},
{"ORD":99, "CODE":"D48", "ADM_NAME":"MAN", "GEOLOC":"YES", "LEVEL":"DISTRICT", "FLD1":12043, "FLD2":0.80, "FLD3":2637, "FLD4":1.90, "FLD5":1833, "FLD6":1.60},
{"ORD":100, "CODE":"D74", "ADM_NAME":"ZOUAN-HOUNIEN", "GEOLOC":"YES", "LEVEL":"DISTRICT", "FLD1":16225, "FLD2":0.60, "FLD3":3637, "FLD4":1.40, "FLD5":2784, "FLD6":1.10},
{"ORD":101, "CODE":"R20", "ADM_NAME":"WORODOUGOU-BERE", "GEOLOC":"N/A", "LEVEL":"REGION", "FLD1":14518, "FLD2":0.70, "FLD3":3804, "FLD4":1.30, "FLD5":2062, "FLD6":1.50},
{"ORD":102, "CODE":"D49", "ADM_NAME":"MANKONO", "GEOLOC":"YES", "LEVEL":"DISTRICT", "FLD1":21312, "FLD2":0.50, "FLD3":5328, "FLD4":0.90, "FLD5":3396, "FLD6":0.90},
{"ORD":103, "CODE":"D60", "ADM_NAME":"SEGUELA", "GEOLOC":"YES", "LEVEL":"DISTRICT", "FLD1":9832, "FLD2":1.00, "FLD3":2665, "FLD4":1.90, "FLD5":1272, "FLD6":2.40},
{"ORD":104, "CODE":"P01", "ADM_NAME":"TOTAL CI", "GEOLOC":"N/A", "LEVEL":"PAYS", "FLD1":7390, "FLD2":1.40, "FLD3":2335, "FLD4":2.10, "FLD5":1333, "FLD6":2.20}]
