 [
{"ORD": 1, "CODE": "R02","ADM_NAME": "ABIDJAN 2","GEOLOC": "N/A","LEVEL": "REGION","FLD1": 150, "FLD2": 22, "FLD3": 0.10, "FLD4": 7},
{"ORD": 2, "CODE": "D76","ADM_NAME": "ABOBO EST","GEOLOC": "YES","LEVEL": "DISTRICT","FLD1": 32, "FLD2": 2, "FLD3": 0.10, "FLD4": 16},
{"ORD": 3, "CODE": "D77","ADM_NAME": "ABOBO OUEST","GEOLOC": "YES","LEVEL": "DISTRICT","FLD1": 12, "FLD2": 3, "FLD3": 0.30, "FLD4": 4},
{"ORD": 4, "CODE": "D78","ADM_NAME": "ANYAMA","GEOLOC": "YES","LEVEL": "DISTRICT","FLD1": 19, "FLD2": 4, "FLD3": 0.20, "FLD4": 5},
{"ORD": 5, "CODE": "D79","ADM_NAME": "COCODY BINGERVILLE","GEOLOC": "YES","LEVEL": "DISTRICT","FLD1": 27, "FLD2": 3, "FLD3": 0.10, "FLD4": 9},
{"ORD": 6, "CODE": "D80","ADM_NAME": "KOUMASSI-PORT-BOUET-VRIDI","GEOLOC": "YES","LEVEL": "DISTRICT","FLD1": 35, "FLD2": 7, "FLD3": 0.20, "FLD4": 5},
{"ORD": 7, "CODE": "D81","ADM_NAME": "MARCORY-TREICHVILLE","GEOLOC": "YES","LEVEL": "DISTRICT","FLD1": 25, "FLD2": 3, "FLD3": 0.10, "FLD4": 8},
{"ORD": 8, "CODE": "R01","ADM_NAME": "ABIDJAN 1-GRANDS PONTS","GEOLOC": "N/A","LEVEL": "REGION","FLD1": 126, "FLD2": 18, "FLD3": 0.10, "FLD4": 7},
{"ORD": 9, "CODE": "D82","ADM_NAME": "ADJAME-PLATEAU-ATTECOUBE","GEOLOC": "YES","LEVEL": "DISTRICT","FLD1": 22, "FLD2": 5, "FLD3": 0.20, "FLD4": 4},
{"ORD": 10, "CODE": "D26","ADM_NAME": "DABOU","GEOLOC": "YES","LEVEL": "DISTRICT","FLD1": 30, "FLD2": 3, "FLD3": 0.10, "FLD4": 10},
{"ORD": 11, "CODE": "D38","ADM_NAME": "GRAND-LAHOU","GEOLOC": "YES","LEVEL": "DISTRICT","FLD1": 15, "FLD2": 2, "FLD3": 0.10, "FLD4": 8},
{"ORD": 12, "CODE": "D43","ADM_NAME": "JACQUEVILLE","GEOLOC": "YES","LEVEL": "DISTRICT","FLD1": 19, "FLD2": 2, "FLD3": 0.10, "FLD4": 10},
{"ORD": 13, "CODE": "D83","ADM_NAME": "YOPOUGON-EST","GEOLOC": "YES","LEVEL": "DISTRICT","FLD1": 16, "FLD2": 0, "FLD3": 0.00, "FLD4": null},
{"ORD": 14, "CODE": "D84","ADM_NAME": "YOPOUGON-OUEST-SONGON","GEOLOC": "YES","LEVEL": "DISTRICT","FLD1": 24, "FLD2": 6, "FLD3": 0.30, "FLD4": 4},
{"ORD": 15, "CODE": "R03","ADM_NAME": "AGNEBY-TIASSA-ME","GEOLOC": "N/A","LEVEL": "REGION","FLD1": 140, "FLD2": 32, "FLD3": 0.20, "FLD4": 4},
{"ORD": 16, "CODE": "D05","ADM_NAME": "ADZOPE","GEOLOC": "YES","LEVEL": "DISTRICT","FLD1": 23, "FLD2": 5, "FLD3": 0.20, "FLD4": 5},
{"ORD": 17, "CODE": "D06","ADM_NAME": "AGBOVILLE","GEOLOC": "YES","LEVEL": "DISTRICT","FLD1": 36, "FLD2": 10, "FLD3": 0.30, "FLD4": 4},
{"ORD": 18, "CODE": "D08","ADM_NAME": "AKOUPE","GEOLOC": "YES","LEVEL": "DISTRICT","FLD1": 18, "FLD2": 6, "FLD3": 0.30, "FLD4": 3},
{"ORD": 19, "CODE": "D09","ADM_NAME": "ALEPE","GEOLOC": "YES","LEVEL": "DISTRICT","FLD1": 21, "FLD2": 4, "FLD3": 0.20, "FLD4": 5},
{"ORD": 20, "CODE": "D61","ADM_NAME": "SIKENSI","GEOLOC": "YES","LEVEL": "DISTRICT","FLD1": 11, "FLD2": 2, "FLD3": 0.20, "FLD4": 6},
{"ORD": 21, "CODE": "D67","ADM_NAME": "TIASSALE","GEOLOC": "YES","LEVEL": "DISTRICT","FLD1": 31, "FLD2": 5, "FLD3": 0.20, "FLD4": 6},
{"ORD": 22, "CODE": "R04","ADM_NAME": "BELIER","GEOLOC": "N/A","LEVEL": "REGION","FLD1": 103, "FLD2": 41, "FLD3": 0.40, "FLD4": 3},
{"ORD": 23, "CODE": "D30","ADM_NAME": "DIDIEVI","GEOLOC": "YES","LEVEL": "DISTRICT","FLD1": 16, "FLD2": 8, "FLD3": 0.50, "FLD4": 2},
{"ORD": 24, "CODE": "D68","ADM_NAME": "TIEBISSOU","GEOLOC": "YES","LEVEL": "DISTRICT","FLD1": 24, "FLD2": 5, "FLD3": 0.20, "FLD4": 5},
{"ORD": 25, "CODE": "D71","ADM_NAME": "TOUMODI","GEOLOC": "YES","LEVEL": "DISTRICT","FLD1": 26, "FLD2": 12, "FLD3": 0.50, "FLD4": 2},
{"ORD": 26, "CODE": "D73","ADM_NAME": "YAMOUSSOUKRO","GEOLOC": "YES","LEVEL": "DISTRICT","FLD1": 37, "FLD2": 16, "FLD3": 0.40, "FLD4": 2},
{"ORD": 27, "CODE": "R05","ADM_NAME": "BOUNKANI-GONTOUGO","GEOLOC": "N/A","LEVEL": "REGION","FLD1": 176, "FLD2": 38, "FLD3": 0.20, "FLD4": 5},
{"ORD": 28, "CODE": "D15","ADM_NAME": "BONDOUKOU","GEOLOC": "YES","LEVEL": "DISTRICT","FLD1": 58, "FLD2": 9, "FLD3": 0.20, "FLD4": 6},
{"ORD": 29, "CODE": "D22","ADM_NAME": "BOUNA","GEOLOC": "YES","LEVEL": "DISTRICT","FLD1": 39, "FLD2": 10, "FLD3": 0.30, "FLD4": 4},
{"ORD": 30, "CODE": "D52","ADM_NAME": "NASSIAN","GEOLOC": "YES","LEVEL": "DISTRICT","FLD1": 11, "FLD2": 2, "FLD3": 0.20, "FLD4": 6},
{"ORD": 31, "CODE": "D65","ADM_NAME": "TANDA","GEOLOC": "YES","LEVEL": "DISTRICT","FLD1": 68, "FLD2": 17, "FLD3": 0.30, "FLD4": 4},
{"ORD": 32, "CODE": "R06","ADM_NAME": "CAVALLY-GUEMON","GEOLOC": "N/A","LEVEL": "REGION","FLD1": 131, "FLD2": 19, "FLD3": 0.10, "FLD4": 7},
{"ORD": 33, "CODE": "D10","ADM_NAME": "BANGOLO","GEOLOC": "YES","LEVEL": "DISTRICT","FLD1": 20, "FLD2": 0, "FLD3": 0.00, "FLD4": null},
{"ORD": 34, "CODE": "D13","ADM_NAME": "BLOLEQUIN","GEOLOC": "YES","LEVEL": "DISTRICT","FLD1": 11, "FLD2": 3, "FLD3": 0.30, "FLD4": 4},
{"ORD": 35, "CODE": "D33","ADM_NAME": "DUEKOUE","GEOLOC": "YES","LEVEL": "DISTRICT","FLD1": 37, "FLD2": 5, "FLD3": 0.10, "FLD4": 7},
{"ORD": 36, "CODE": "D40","ADM_NAME": "GUIGLO","GEOLOC": "YES","LEVEL": "DISTRICT","FLD1": 22, "FLD2": 3, "FLD3": 0.10, "FLD4": 7},
{"ORD": 37, "CODE": "D46","ADM_NAME": "KOUIBLY","GEOLOC": "YES","LEVEL": "DISTRICT","FLD1": 26, "FLD2": 5, "FLD3": 0.20, "FLD4": 5},
{"ORD": 38, "CODE": "D70","ADM_NAME": "TOULEPLEU","GEOLOC": "YES","LEVEL": "DISTRICT","FLD1": 15, "FLD2": 3, "FLD3": 0.20, "FLD4": 5},
{"ORD": 39, "CODE": "R07","ADM_NAME": "GBEKE","GEOLOC": "N/A","LEVEL": "REGION","FLD1": 108, "FLD2": 22, "FLD3": 0.20, "FLD4": 5},
{"ORD": 40, "CODE": "D20","ADM_NAME": "BEOUMI","GEOLOC": "YES","LEVEL": "DISTRICT","FLD1": 27, "FLD2": 5, "FLD3": 0.20, "FLD4": 5},
{"ORD": 41, "CODE": "D17","ADM_NAME": "BOUAKE NORD-EST","GEOLOC": "YES","LEVEL": "DISTRICT","FLD1": 17, "FLD2": 4, "FLD3": 0.20, "FLD4": 4},
{"ORD": 42, "CODE": "D18","ADM_NAME": "BOUAKE NORD-OUEST","GEOLOC": "YES","LEVEL": "DISTRICT","FLD1": 29, "FLD2": 4, "FLD3": 0.10, "FLD4": 7},
{"ORD": 43, "CODE": "D19","ADM_NAME": "BOUAKE-SUD","GEOLOC": "YES","LEVEL": "DISTRICT","FLD1": 14, "FLD2": 0, "FLD3": 0.00, "FLD4": null},
{"ORD": 44, "CODE": "D21","ADM_NAME": "SAKASSOU","GEOLOC": "YES","LEVEL": "DISTRICT","FLD1": 21, "FLD2": 9, "FLD3": 0.40, "FLD4": 2},
{"ORD": 45, "CODE": "R08","ADM_NAME": "GBOKLE-NAWA-SAN-PEDRO","GEOLOC": "N/A","LEVEL": "REGION","FLD1": 205, "FLD2": 36, "FLD3": 0.20, "FLD4": 6},
{"ORD": 46, "CODE": "D39","ADM_NAME": "GUEYO","GEOLOC": "YES","LEVEL": "DISTRICT","FLD1": 11, "FLD2": 2, "FLD3": 0.20, "FLD4": 6},
{"ORD": 47, "CODE": "D58","ADM_NAME": "SAN-PEDRO","GEOLOC": "YES","LEVEL": "DISTRICT","FLD1": 26, "FLD2": 13, "FLD3": 0.50, "FLD4": 2},
{"ORD": 48, "CODE": "D59","ADM_NAME": "SASSANDRA","GEOLOC": "YES","LEVEL": "DISTRICT","FLD1": 29, "FLD2": 8, "FLD3": 0.30, "FLD4": 4},
{"ORD": 49, "CODE": "D63","ADM_NAME": "SOUBRE","GEOLOC": "YES","LEVEL": "DISTRICT","FLD1": 115, "FLD2": 10, "FLD3": 0.10, "FLD4": 12},
{"ORD": 50, "CODE": "D64","ADM_NAME": "TABOU","GEOLOC": "YES","LEVEL": "DISTRICT","FLD1": 24, "FLD2": 3, "FLD3": 0.10, "FLD4": 8},
{"ORD": 51, "CODE": "R09","ADM_NAME": "GÔH","GEOLOC": "N/A","LEVEL": "REGION","FLD1": 110, "FLD2": 13, "FLD3": 0.10, "FLD4": 8},
{"ORD": 52, "CODE": "D36","ADM_NAME": "GAGNOA","GEOLOC": "YES","LEVEL": "DISTRICT","FLD1": 83, "FLD2": 7, "FLD3": 0.10, "FLD4": 12},
{"ORD": 53, "CODE": "D56","ADM_NAME": "OUME","GEOLOC": "YES","LEVEL": "DISTRICT","FLD1": 27, "FLD2": 6, "FLD3": 0.20, "FLD4": 5},
{"ORD": 54, "CODE": "R10","ADM_NAME": "HAMBOL","GEOLOC": "N/A","LEVEL": "REGION","FLD1": 48, "FLD2": 14, "FLD3": 0.30, "FLD4": 3},
{"ORD": 55, "CODE": "D25","ADM_NAME": "DABAKALA","GEOLOC": "YES","LEVEL": "DISTRICT","FLD1": 22, "FLD2": 6, "FLD3": 0.30, "FLD4": 4},
{"ORD": 56, "CODE": "D44","ADM_NAME": "KATIOLA","GEOLOC": "YES","LEVEL": "DISTRICT","FLD1": 14, "FLD2": 4, "FLD3": 0.30, "FLD4": 4},
{"ORD": 57, "CODE": "D53","ADM_NAME": "Niakaramandougou","GEOLOC": "YES","LEVEL": "DISTRICT","FLD1": 12, "FLD2": 4, "FLD3": 0.30, "FLD4": 3},
{"ORD": 58, "CODE": "R11","ADM_NAME": "HAUT SASSANDRA","GEOLOC": "N/A","LEVEL": "REGION","FLD1": 100, "FLD2": 19, "FLD3": 0.20, "FLD4": 5},
{"ORD": 59, "CODE": "D27","ADM_NAME": "DALOA","GEOLOC": "YES","LEVEL": "DISTRICT","FLD1": 43, "FLD2": 8, "FLD3": 0.20, "FLD4": 5},
{"ORD": 60, "CODE": "D42","ADM_NAME": "ISSIA","GEOLOC": "YES","LEVEL": "DISTRICT","FLD1": 29, "FLD2": 4, "FLD3": 0.10, "FLD4": 7},
{"ORD": 61, "CODE": "D72","ADM_NAME": "VAVOUA","GEOLOC": "YES","LEVEL": "DISTRICT","FLD1": 28, "FLD2": 7, "FLD3": 0.30, "FLD4": 4},
{"ORD": 62, "CODE": "R12","ADM_NAME": "INDENIE DUABLIN","GEOLOC": "N/A","LEVEL": "REGION","FLD1": 66, "FLD2": 22, "FLD3": 0.30, "FLD4": 3},
{"ORD": 63, "CODE": "D01","ADM_NAME": "ABENGOUROU","GEOLOC": "YES","LEVEL": "DISTRICT","FLD1": 36, "FLD2": 13, "FLD3": 0.40, "FLD4": 3},
{"ORD": 64, "CODE": "D07","ADM_NAME": "AGNIBILEKROU","GEOLOC": "YES","LEVEL": "DISTRICT","FLD1": 21, "FLD2": 6, "FLD3": 0.30, "FLD4": 4},
{"ORD": 65, "CODE": "D11","ADM_NAME": "BETTIE","GEOLOC": "YES","LEVEL": "DISTRICT","FLD1": 9, "FLD2": 3, "FLD3": 0.30, "FLD4": 3},
{"ORD": 66, "CODE": "R13","ADM_NAME": "KABADOUGOU-BAFING-FOLON","GEOLOC": "N/A","LEVEL": "REGION","FLD1": 98, "FLD2": 52, "FLD3": 0.50, "FLD4": 2},
{"ORD": 67, "CODE": "D51","ADM_NAME": "MINIGNAN","GEOLOC": "YES","LEVEL": "DISTRICT","FLD1": 20, "FLD2": 8, "FLD3": 0.40, "FLD4": 3},
{"ORD": 68, "CODE": "D54","ADM_NAME": "ODIENNE","GEOLOC": "YES","LEVEL": "DISTRICT","FLD1": 44, "FLD2": 31, "FLD3": 0.70, "FLD4": 1},
{"ORD": 69, "CODE": "D69","ADM_NAME": "TOUBA","GEOLOC": "YES","LEVEL": "DISTRICT","FLD1": 34, "FLD2": 13, "FLD3": 0.40, "FLD4": 3},
{"ORD": 70, "CODE": "R14","ADM_NAME": "LÔH-DJIBOUA","GEOLOC": "N/A","LEVEL": "REGION","FLD1": 105, "FLD2": 19, "FLD3": 0.20, "FLD4": 6},
{"ORD": 71, "CODE": "D32","ADM_NAME": "DIVO","GEOLOC": "YES","LEVEL": "DISTRICT","FLD1": 44, "FLD2": 9, "FLD3": 0.20, "FLD4": 5},
{"ORD": 72, "CODE": "D35","ADM_NAME": "FRESCO","GEOLOC": "YES","LEVEL": "DISTRICT","FLD1": 17, "FLD2": 3, "FLD3": 0.20, "FLD4": 6},
{"ORD": 73, "CODE": "D41","ADM_NAME": "GUITRY","GEOLOC": "YES","LEVEL": "DISTRICT","FLD1": 14, "FLD2": 4, "FLD3": 0.30, "FLD4": 4},
{"ORD": 74, "CODE": "D47","ADM_NAME": "LAKOTA","GEOLOC": "YES","LEVEL": "DISTRICT","FLD1": 30, "FLD2": 3, "FLD3": 0.10, "FLD4": 10},
{"ORD": 75, "CODE": "R15","ADM_NAME": "MARAHOUE","GEOLOC": "N/A","LEVEL": "REGION","FLD1": 74, "FLD2": 19, "FLD3": 0.30, "FLD4": 4},
{"ORD": 76, "CODE": "D16","ADM_NAME": "BOUAFLE","GEOLOC": "YES","LEVEL": "DISTRICT","FLD1": 36, "FLD2": 7, "FLD3": 0.20, "FLD4": 5},
{"ORD": 77, "CODE": "D62","ADM_NAME": "SINFRA","GEOLOC": "YES","LEVEL": "DISTRICT","FLD1": 13, "FLD2": 5, "FLD3": 0.40, "FLD4": 3},
{"ORD": 78, "CODE": "D75","ADM_NAME": "ZUENOULA","GEOLOC": "YES","LEVEL": "DISTRICT","FLD1": 25, "FLD2": 7, "FLD3": 0.30, "FLD4": 4},
{"ORD": 79, "CODE": "R16","ADM_NAME": "N'ZI-IFFOU","GEOLOC": "N/A","LEVEL": "REGION","FLD1": 142, "FLD2": 37, "FLD3": 0.30, "FLD4": 4},
{"ORD": 80, "CODE": "D14","ADM_NAME": "BOCANDA","GEOLOC": "YES","LEVEL": "DISTRICT","FLD1": 23, "FLD2": 4, "FLD3": 0.20, "FLD4": 6},
{"ORD": 81, "CODE": "D24","ADM_NAME": "BONGOUANOU","GEOLOC": "YES","LEVEL": "DISTRICT","FLD1": 44, "FLD2": 21, "FLD3": 0.50, "FLD4": 2},
{"ORD": 82, "CODE": "D29","ADM_NAME": "DAOUKRO","GEOLOC": "YES","LEVEL": "DISTRICT","FLD1": 28, "FLD2": 6, "FLD3": 0.20, "FLD4": 5},
{"ORD": 83, "CODE": "D31","ADM_NAME": "DIMBOKRO","GEOLOC": "YES","LEVEL": "DISTRICT","FLD1": 21, "FLD2": 3, "FLD3": 0.10, "FLD4": 7},
{"ORD": 84, "CODE": "D50","ADM_NAME": "M'BAHIAKRO","GEOLOC": "YES","LEVEL": "DISTRICT","FLD1": 13, "FLD2": 2, "FLD3": 0.20, "FLD4": 7},
{"ORD": 85, "CODE": "D57","ADM_NAME": "PRIKRO","GEOLOC": "YES","LEVEL": "DISTRICT","FLD1": 13, "FLD2": 1, "FLD3": 0.10, "FLD4": 13},
{"ORD": 86, "CODE": "R17","ADM_NAME": "PORO-TCHOLOGO-BAGOUE","GEOLOC": "N/A","LEVEL": "REGION","FLD1": 186, "FLD2": 72, "FLD3": 0.40, "FLD4": 3},
{"ORD": 87, "CODE": "D23","ADM_NAME": "BOUNDIALI","GEOLOC": "YES","LEVEL": "DISTRICT","FLD1": 41, "FLD2": 16, "FLD3": 0.40, "FLD4": 3},
{"ORD": 88, "CODE": "D34","ADM_NAME": "FERKESSEDOUGOU","GEOLOC": "YES","LEVEL": "DISTRICT","FLD1": 22, "FLD2": 13, "FLD3": 0.60, "FLD4": 2},
{"ORD": 89, "CODE": "D45","ADM_NAME": "KORHOGO","GEOLOC": "YES","LEVEL": "DISTRICT","FLD1": 93, "FLD2": 28, "FLD3": 0.30, "FLD4": 3},
{"ORD": 90, "CODE": "D55","ADM_NAME": "OUANGOLODOUGOU","GEOLOC": "YES","LEVEL": "DISTRICT","FLD1": 16, "FLD2": 10, "FLD3": 0.60, "FLD4": 2},
{"ORD": 91, "CODE": "D66","ADM_NAME": "TENGRELA","GEOLOC": "YES","LEVEL": "DISTRICT","FLD1": 14, "FLD2": 5, "FLD3": 0.40, "FLD4": 3},
{"ORD": 92, "CODE": "R18","ADM_NAME": "SUD-COMOE","GEOLOC": "N/A","LEVEL": "REGION","FLD1": 101, "FLD2": 32, "FLD3": 0.30, "FLD4": 3},
{"ORD": 93, "CODE": "D03","ADM_NAME": "ABOISSO","GEOLOC": "YES","LEVEL": "DISTRICT","FLD1": 48, "FLD2": 19, "FLD3": 0.40, "FLD4": 3},
{"ORD": 94, "CODE": "D04","ADM_NAME": "ADIAKE","GEOLOC": "YES","LEVEL": "DISTRICT","FLD1": 26, "FLD2": 6, "FLD3": 0.20, "FLD4": 4},
{"ORD": 95, "CODE": "D37","ADM_NAME": "GRAND-BASSAM","GEOLOC": "YES","LEVEL": "DISTRICT","FLD1": 27, "FLD2": 7, "FLD3": 0.30, "FLD4": 4},
{"ORD": 96, "CODE": "R19","ADM_NAME": "TONKPI","GEOLOC": "N/A","LEVEL": "REGION","FLD1": 119, "FLD2": 20, "FLD3": 0.20, "FLD4": 6},
{"ORD": 97, "CODE": "D12","ADM_NAME": "BIANKOUMA","GEOLOC": "YES","LEVEL": "DISTRICT","FLD1": 31, "FLD2": 4, "FLD3": 0.10, "FLD4": 8},
{"ORD": 98, "CODE": "D28","ADM_NAME": "DANANE","GEOLOC": "YES","LEVEL": "DISTRICT","FLD1": 23, "FLD2": 3, "FLD3": 0.10, "FLD4": 8},
{"ORD": 99, "CODE": "D48","ADM_NAME": "MAN","GEOLOC": "YES","LEVEL": "DISTRICT","FLD1": 40, "FLD2": 7, "FLD3": 0.20, "FLD4": 6},
{"ORD": 100, "CODE": "D74","ADM_NAME": "ZOUAN-HOUNIEN","GEOLOC": "YES","LEVEL": "DISTRICT","FLD1": 25, "FLD2": 6, "FLD3": 0.20, "FLD4": 4},
{"ORD": 101, "CODE": "R20","ADM_NAME": "WORODOUGOU-BERE","GEOLOC": "N/A","LEVEL": "REGION","FLD1": 84, "FLD2": 26, "FLD3": 0.30, "FLD4": 3},
{"ORD": 102, "CODE": "D49","ADM_NAME": "MANKONO","GEOLOC": "YES","LEVEL": "DISTRICT","FLD1": 47, "FLD2": 10, "FLD3": 0.20, "FLD4": 5},
{"ORD": 103, "CODE": "D60","ADM_NAME": "SEGUELA","GEOLOC": "YES","LEVEL": "DISTRICT","FLD1": 37, "FLD2": 16, "FLD3": 0.40, "FLD4": 2},
{"ORD": 104, "CODE": "P01","ADM_NAME": "TOTAL CI","GEOLOC": "N/A","LEVEL": "PAYS","FLD1": 2372, "FLD2": 536, "FLD3": 0.20, "FLD4": 4}]