 [{"CODE":"R02","ADM_NAME":"ABIDJAN 2","GEOLOC":"N/A","LEVEL":"REGION","FLD1":611,"FLD2":108,"FLD3":58,"FLD4":864,"FLD5":111,"FLD6":975,"FLD7":668,"FLD8":110,"FLD9":778,"FLD10":336,"FLD11":25,"FLD12":208},
{"CODE":"D76","ADM_NAME":"ABOBO EST","GEOLOC":"NO","LEVEL":"DISTRICT","FLD1":89,"FLD2":17,"FLD3":8,"FLD4":138,"FLD5":20,"FLD6":158,"FLD7":106,"FLD8":19,"FLD9":125,"FLD10":55,"FLD11":3,"FLD12":34},
{"CODE":"D77","ADM_NAME":"ABOBO OUEST","GEOLOC":"NO","LEVEL":"DISTRICT","FLD1":50,"FLD2":9,"FLD3":4,"FLD4":82,"FLD5":10,"FLD6":92,"FLD7":86,"FLD8":5,"FLD9":91,"FLD10":32,"FLD11":2,"FLD12":21},
{"CODE":"D78","ADM_NAME":"ANYAMA","GEOLOC":"NO","LEVEL":"DISTRICT","FLD1":28,"FLD2":8,"FLD3":3,"FLD4":83,"FLD5":13,"FLD6":96,"FLD7":29,"FLD8":7,"FLD9":36,"FLD10":19,"FLD11":2,"FLD12":8},
{"CODE":"D79","ADM_NAME":"COCODY BINGERVILLE","GEOLOC":"NO","LEVEL":"DISTRICT","FLD1":202,"FLD2":38,"FLD3":14,"FLD4":238,"FLD5":38,"FLD6":276,"FLD7":227,"FLD8":43,"FLD9":270,"FLD10":92,"FLD11":4,"FLD12":90},
{"CODE":"D80","ADM_NAME":"KOUMASSI-PORT-BOUET-VRIDI","GEOLOC":"NO","LEVEL":"DISTRICT","FLD1":132,"FLD2":23,"FLD3":17,"FLD4":199,"FLD5":21,"FLD6":220,"FLD7":146,"FLD8":24,"FLD9":170,"FLD10":89,"FLD11":7,"FLD12":38},
{"CODE":"D81","ADM_NAME":"MARCORY-TREICHVILLE","GEOLOC":"NO","LEVEL":"DISTRICT","FLD1":110,"FLD2":13,"FLD3":12,"FLD4":124,"FLD5":9,"FLD6":133,"FLD7":74,"FLD8":12,"FLD9":86,"FLD10":49,"FLD11":7,"FLD12":17},
{"CODE":"R01","ADM_NAME":"ABIDJAN 1-GRANDS PONTS","GEOLOC":"N/A","LEVEL":"REGION","FLD1":308,"FLD2":61,"FLD3":54,"FLD4":664,"FLD5":56,"FLD6":720,"FLD7":432,"FLD8":56,"FLD9":488,"FLD10":219,"FLD11":13,"FLD12":175},
{"CODE":"D82","ADM_NAME":"ADJAME-PLATEAU-ATTECOUBE","GEOLOC":"NO","LEVEL":"DISTRICT","FLD1":130,"FLD2":23,"FLD3":32,"FLD4":237,"FLD5":32,"FLD6":269,"FLD7":170,"FLD8":35,"FLD9":205,"FLD10":99,"FLD11":8,"FLD12":70},
{"CODE":"D26","ADM_NAME":"DABOU","GEOLOC":"YES","LEVEL":"DISTRICT","FLD1":35,"FLD2":8,"FLD3":7,"FLD4":105,"FLD5":6,"FLD6":111,"FLD7":51,"FLD8":1,"FLD9":52,"FLD10":25,"FLD11":2,"FLD12":16},
{"CODE":"D38","ADM_NAME":"GRAND-LAHOU","GEOLOC":"YES","LEVEL":"DISTRICT","FLD1":14,"FLD2":3,"FLD3":4,"FLD4":52,"FLD5":3,"FLD6":55,"FLD7":28,"FLD8":1,"FLD9":29,"FLD10":13,"FLD11":1,"FLD12":13},
{"CODE":"D43","ADM_NAME":"JACQUEVILLE","GEOLOC":"YES","LEVEL":"DISTRICT","FLD1":18,"FLD2":3,"FLD3":2,"FLD4":62,"FLD5":1,"FLD6":63,"FLD7":17,"FLD8":0,"FLD9":17,"FLD10":10,"FLD11":0,"FLD12":16},
{"CODE":"D83","ADM_NAME":"YOPOUGON-EST","GEOLOC":"NO","LEVEL":"DISTRICT","FLD1":29,"FLD2":11,"FLD3":3,"FLD4":76,"FLD5":3,"FLD6":79,"FLD7":58,"FLD8":5,"FLD9":63,"FLD10":15,"FLD11":0,"FLD12":11},
{"CODE":"D84","ADM_NAME":"YOPOUGON-OUEST SONGON","GEOLOC":"NO","LEVEL":"DISTRICT","FLD1":82,"FLD2":13,"FLD3":6,"FLD4":132,"FLD5":11,"FLD6":143,"FLD7":108,"FLD8":14,"FLD9":122,"FLD10":57,"FLD11":2,"FLD12":49},
{"CODE":"R03","ADM_NAME":"AGNEBY-TIASSA-ME","GEOLOC":"N/A","LEVEL":"REGION","FLD1":134,"FLD2":36,"FLD3":14,"FLD4":564,"FLD5":36,"FLD6":600,"FLD7":200,"FLD8":21,"FLD9":221,"FLD10":112,"FLD11":3,"FLD12":122},
{"CODE":"D05","ADM_NAME":"ADZOPE","GEOLOC":"YES","LEVEL":"DISTRICT","FLD1":24,"FLD2":7,"FLD3":2,"FLD4":104,"FLD5":8,"FLD6":112,"FLD7":38,"FLD8":1,"FLD9":39,"FLD10":19,"FLD11":0,"FLD12":15},
{"CODE":"D06","ADM_NAME":"AGBOVILLE","GEOLOC":"YES","LEVEL":"DISTRICT","FLD1":16,"FLD2":5,"FLD3":4,"FLD4":64,"FLD5":8,"FLD6":72,"FLD7":33,"FLD8":4,"FLD9":37,"FLD10":19,"FLD11":0,"FLD12":15},
{"CODE":"D08","ADM_NAME":"AKOUPE","GEOLOC":"YES","LEVEL":"DISTRICT","FLD1":33,"FLD2":9,"FLD3":4,"FLD4":149,"FLD5":13,"FLD6":162,"FLD7":44,"FLD8":8,"FLD9":52,"FLD10":35,"FLD11":2,"FLD12":34},
{"CODE":"D09","ADM_NAME":"ALEPE","GEOLOC":"YES","LEVEL":"DISTRICT","FLD1":22,"FLD2":6,"FLD3":1,"FLD4":79,"FLD5":2,"FLD6":81,"FLD7":27,"FLD8":2,"FLD9":29,"FLD10":15,"FLD11":0,"FLD12":28},
{"CODE":"D61","ADM_NAME":"SIKENSI","GEOLOC":"YES","LEVEL":"DISTRICT","FLD1":8,"FLD2":2,"FLD3":1,"FLD4":39,"FLD5":2,"FLD6":41,"FLD7":18,"FLD8":1,"FLD9":19,"FLD10":7,"FLD11":0,"FLD12":8},
{"CODE":"D67","ADM_NAME":"TIASSALE","GEOLOC":"YES","LEVEL":"DISTRICT","FLD1":31,"FLD2":7,"FLD3":2,"FLD4":129,"FLD5":3,"FLD6":132,"FLD7":40,"FLD8":5,"FLD9":45,"FLD10":17,"FLD11":1,"FLD12":22},
{"CODE":"R04","ADM_NAME":"BELIER","GEOLOC":"N/A","LEVEL":"REGION","FLD1":138,"FLD2":16,"FLD3":13,"FLD4":369,"FLD5":35,"FLD6":404,"FLD7":130,"FLD8":13,"FLD9":143,"FLD10":86,"FLD11":5,"FLD12":71},
{"CODE":"D30","ADM_NAME":"DIDIEVI","GEOLOC":"YES","LEVEL":"DISTRICT","FLD1":6,"FLD2":2,"FLD3":0,"FLD4":44,"FLD5":1,"FLD6":45,"FLD7":10,"FLD8":0,"FLD9":10,"FLD10":5,"FLD11":0,"FLD12":4},
{"CODE":"D68","ADM_NAME":"TIEBISSOU","GEOLOC":"YES","LEVEL":"DISTRICT","FLD1":12,"FLD2":3,"FLD3":2,"FLD4":57,"FLD5":4,"FLD6":61,"FLD7":19,"FLD8":0,"FLD9":19,"FLD10":9,"FLD11":0,"FLD12":6},
{"CODE":"D71","ADM_NAME":"TOUMODI","GEOLOC":"YES","LEVEL":"DISTRICT","FLD1":27,"FLD2":4,"FLD3":4,"FLD4":111,"FLD5":10,"FLD6":121,"FLD7":41,"FLD8":3,"FLD9":44,"FLD10":31,"FLD11":1,"FLD12":25},
{"CODE":"D73","ADM_NAME":"YAMOUSSOUKRO","GEOLOC":"YES","LEVEL":"DISTRICT","FLD1":93,"FLD2":7,"FLD3":7,"FLD4":157,"FLD5":20,"FLD6":177,"FLD7":60,"FLD8":10,"FLD9":70,"FLD10":41,"FLD11":4,"FLD12":36},
{"CODE":"R05","ADM_NAME":"BOUNKANI-GONTOUGO","GEOLOC":"N/A","LEVEL":"REGION","FLD1":66,"FLD2":11,"FLD3":5,"FLD4":339,"FLD5":14,"FLD6":353,"FLD7":101,"FLD8":2,"FLD9":103,"FLD10":73,"FLD11":0,"FLD12":59},
{"CODE":"D15","ADM_NAME":"BONDOUKOU","GEOLOC":"YES","LEVEL":"DISTRICT","FLD1":30,"FLD2":3,"FLD3":2,"FLD4":123,"FLD5":10,"FLD6":133,"FLD7":35,"FLD8":1,"FLD9":36,"FLD10":37,"FLD11":0,"FLD12":20},
{"CODE":"D22","ADM_NAME":"BOUNA","GEOLOC":"YES","LEVEL":"DISTRICT","FLD1":12,"FLD2":2,"FLD3":2,"FLD4":63,"FLD5":0,"FLD6":63,"FLD7":19,"FLD8":0,"FLD9":19,"FLD10":13,"FLD11":0,"FLD12":26},
{"CODE":"D52","ADM_NAME":"NASSIAN","GEOLOC":"YES","LEVEL":"DISTRICT","FLD1":5,"FLD2":2,"FLD3":0,"FLD4":27,"FLD5":1,"FLD6":28,"FLD7":8,"FLD8":0,"FLD9":8,"FLD10":3,"FLD11":0,"FLD12":3},
{"CODE":"D65","ADM_NAME":"TANDA","GEOLOC":"YES","LEVEL":"DISTRICT","FLD1":19,"FLD2":4,"FLD3":1,"FLD4":126,"FLD5":3,"FLD6":129,"FLD7":39,"FLD8":1,"FLD9":40,"FLD10":20,"FLD11":0,"FLD12":10},
{"CODE":"R06","ADM_NAME":"CAVALLY-GUEMON","GEOLOC":"N/A","LEVEL":"REGION","FLD1":73,"FLD2":22,"FLD3":8,"FLD4":355,"FLD5":14,"FLD6":369,"FLD7":137,"FLD8":1,"FLD9":138,"FLD10":72,"FLD11":0,"FLD12":75},
{"CODE":"D10","ADM_NAME":"BANGOLO","GEOLOC":"YES","LEVEL":"DISTRICT","FLD1":10,"FLD2":2,"FLD3":1,"FLD4":50,"FLD5":2,"FLD6":52,"FLD7":19,"FLD8":0,"FLD9":19,"FLD10":8,"FLD11":0,"FLD12":10},
{"CODE":"D13","ADM_NAME":"BLOLEQUIN","GEOLOC":"YES","LEVEL":"DISTRICT","FLD1":7,"FLD2":3,"FLD3":1,"FLD4":38,"FLD5":1,"FLD6":39,"FLD7":13,"FLD8":0,"FLD9":13,"FLD10":9,"FLD11":0,"FLD12":5},
{"CODE":"D33","ADM_NAME":"DUEKOUE","GEOLOC":"YES","LEVEL":"DISTRICT","FLD1":20,"FLD2":6,"FLD3":2,"FLD4":99,"FLD5":4,"FLD6":103,"FLD7":34,"FLD8":0,"FLD9":34,"FLD10":18,"FLD11":0,"FLD12":17},
{"CODE":"D40","ADM_NAME":"GUIGLO","GEOLOC":"YES","LEVEL":"DISTRICT","FLD1":16,"FLD2":5,"FLD3":2,"FLD4":88,"FLD5":7,"FLD6":95,"FLD7":33,"FLD8":1,"FLD9":34,"FLD10":25,"FLD11":0,"FLD12":30},
{"CODE":"D46","ADM_NAME":"KOUIBLY","GEOLOC":"YES","LEVEL":"DISTRICT","FLD1":10,"FLD2":3,"FLD3":1,"FLD4":48,"FLD5":0,"FLD6":48,"FLD7":23,"FLD8":0,"FLD9":23,"FLD10":4,"FLD11":0,"FLD12":6},
{"CODE":"D70","ADM_NAME":"TOULEPLEU","GEOLOC":"YES","LEVEL":"DISTRICT","FLD1":10,"FLD2":3,"FLD3":1,"FLD4":32,"FLD5":0,"FLD6":32,"FLD7":15,"FLD8":0,"FLD9":15,"FLD10":8,"FLD11":0,"FLD12":7},
{"CODE":"R07","ADM_NAME":"GBEKE","GEOLOC":"N/A","LEVEL":"REGION","FLD1":83,"FLD2":17,"FLD3":5,"FLD4":336,"FLD5":15,"FLD6":351,"FLD7":158,"FLD8":5,"FLD9":163,"FLD10":60,"FLD11":45,"FLD12":176},
{"CODE":"D20","ADM_NAME":"BEOUMI","GEOLOC":"YES","LEVEL":"DISTRICT","FLD1":10,"FLD2":3,"FLD3":0,"FLD4":52,"FLD5":1,"FLD6":53,"FLD7":29,"FLD8":1,"FLD9":30,"FLD10":8,"FLD11":0,"FLD12":36},
{"CODE":"D17","ADM_NAME":"BOUAKE NORD-EST","GEOLOC":"YES","LEVEL":"DISTRICT","FLD1":18,"FLD2":3,"FLD3":2,"FLD4":65,"FLD5":4,"FLD6":69,"FLD7":27,"FLD8":0,"FLD9":27,"FLD10":9,"FLD11":0,"FLD12":24},
{"CODE":"D18","ADM_NAME":"BOUAKE NORD-OUEST","GEOLOC":"YES","LEVEL":"DISTRICT","FLD1":26,"FLD2":6,"FLD3":0,"FLD4":83,"FLD5":8,"FLD6":91,"FLD7":38,"FLD8":1,"FLD9":39,"FLD10":18,"FLD11":0,"FLD12":51},
{"CODE":"D19","ADM_NAME":"BOUAKE-SUD","GEOLOC":"YES","LEVEL":"DISTRICT","FLD1":17,"FLD2":2,"FLD3":2,"FLD4":82,"FLD5":0,"FLD6":82,"FLD7":31,"FLD8":3,"FLD9":34,"FLD10":11,"FLD11":0,"FLD12":41},
{"CODE":"D21","ADM_NAME":"SAKASSOU","GEOLOC":"YES","LEVEL":"DISTRICT","FLD1":12,"FLD2":3,"FLD3":1,"FLD4":54,"FLD5":2,"FLD6":56,"FLD7":33,"FLD8":0,"FLD9":33,"FLD10":14,"FLD11":0,"FLD12":24},
{"CODE":"R08","ADM_NAME":"GBOKLE-NAWA-SAN-PEDRO","GEOLOC":"N/A","LEVEL":"REGION","FLD1":120,"FLD2":32,"FLD3":10,"FLD4":507,"FLD5":40,"FLD6":547,"FLD7":215,"FLD8":8,"FLD9":223,"FLD10":112,"FLD11":45,"FLD12":66},
{"CODE":"D39","ADM_NAME":"GUEYO","GEOLOC":"YES","LEVEL":"DISTRICT","FLD1":9,"FLD2":2,"FLD3":0,"FLD4":30,"FLD5":0,"FLD6":30,"FLD7":16,"FLD8":0,"FLD9":16,"FLD10":6,"FLD11":0,"FLD12":3},
{"CODE":"D58","ADM_NAME":"SAN-PEDRO","GEOLOC":"YES","LEVEL":"DISTRICT","FLD1":43,"FLD2":11,"FLD3":4,"FLD4":155,"FLD5":21,"FLD6":176,"FLD7":75,"FLD8":7,"FLD9":82,"FLD10":45,"FLD11":2,"FLD12":22},
{"CODE":"D59","ADM_NAME":"SASSANDRA","GEOLOC":"YES","LEVEL":"DISTRICT","FLD1":17,"FLD2":6,"FLD3":2,"FLD4":77,"FLD5":4,"FLD6":81,"FLD7":27,"FLD8":0,"FLD9":27,"FLD10":14,"FLD11":0,"FLD12":13},
{"CODE":"D63","ADM_NAME":"SOUBRE","GEOLOC":"YES","LEVEL":"DISTRICT","FLD1":38,"FLD2":8,"FLD3":2,"FLD4":173,"FLD5":11,"FLD6":184,"FLD7":68,"FLD8":1,"FLD9":69,"FLD10":32,"FLD11":1,"FLD12":16},
{"CODE":"D64","ADM_NAME":"TABOU","GEOLOC":"YES","LEVEL":"DISTRICT","FLD1":13,"FLD2":5,"FLD3":2,"FLD4":72,"FLD5":4,"FLD6":76,"FLD7":29,"FLD8":0,"FLD9":29,"FLD10":15,"FLD11":0,"FLD12":12},
{"CODE":"R09","ADM_NAME":"GÔH","GEOLOC":"N/A","LEVEL":"REGION","FLD1":81,"FLD2":13,"FLD3":6,"FLD4":387,"FLD5":33,"FLD6":420,"FLD7":157,"FLD8":5,"FLD9":162,"FLD10":85,"FLD11":42,"FLD12":65},
{"CODE":"D36","ADM_NAME":"GAGNOA","GEOLOC":"YES","LEVEL":"DISTRICT","FLD1":19,"FLD2":4,"FLD3":1,"FLD4":90,"FLD5":5,"FLD6":95,"FLD7":38,"FLD8":1,"FLD9":39,"FLD10":19,"FLD11":0,"FLD12":14},
{"CODE":"D56","ADM_NAME":"OUME","GEOLOC":"YES","LEVEL":"DISTRICT","FLD1":62,"FLD2":9,"FLD3":5,"FLD4":297,"FLD5":28,"FLD6":325,"FLD7":119,"FLD8":4,"FLD9":123,"FLD10":66,"FLD11":5,"FLD12":51},
{"CODE":"R10","ADM_NAME":"HAMBOL","GEOLOC":"N/A","LEVEL":"REGION","FLD1":40,"FLD2":8,"FLD3":4,"FLD4":166,"FLD5":5,"FLD6":171,"FLD7":65,"FLD8":0,"FLD9":65,"FLD10":31,"FLD11":37,"FLD12":46},
{"CODE":"D25","ADM_NAME":"DABAKALA","GEOLOC":"YES","LEVEL":"DISTRICT","FLD1":13,"FLD2":3,"FLD3":1,"FLD4":57,"FLD5":3,"FLD6":60,"FLD7":23,"FLD8":0,"FLD9":23,"FLD10":12,"FLD11":0,"FLD12":17},
{"CODE":"D44","ADM_NAME":"KATIOLA","GEOLOC":"YES","LEVEL":"DISTRICT","FLD1":15,"FLD2":2,"FLD3":2,"FLD4":64,"FLD5":2,"FLD6":66,"FLD7":26,"FLD8":0,"FLD9":26,"FLD10":12,"FLD11":0,"FLD12":17},
{"CODE":"D53","ADM_NAME":"NIAKARAMANDOUGOU","GEOLOC":"YES","LEVEL":"DISTRICT","FLD1":12,"FLD2":3,"FLD3":1,"FLD4":45,"FLD5":0,"FLD6":45,"FLD7":16,"FLD8":0,"FLD9":16,"FLD10":7,"FLD11":0,"FLD12":12},
{"CODE":"R11","ADM_NAME":"HAUT SASSANDRA","GEOLOC":"N/A","LEVEL":"REGION","FLD1":82,"FLD2":19,"FLD3":9,"FLD4":419,"FLD5":37,"FLD6":456,"FLD7":173,"FLD8":8,"FLD9":181,"FLD10":97,"FLD11":31,"FLD12":122},
{"CODE":"D27","ADM_NAME":"DALOA","GEOLOC":"YES","LEVEL":"DISTRICT","FLD1":49,"FLD2":9,"FLD3":3,"FLD4":217,"FLD5":27,"FLD6":244,"FLD7":88,"FLD8":6,"FLD9":94,"FLD10":54,"FLD11":5,"FLD12":48},
{"CODE":"D42","ADM_NAME":"ISSIA","GEOLOC":"YES","LEVEL":"DISTRICT","FLD1":19,"FLD2":5,"FLD3":3,"FLD4":120,"FLD5":6,"FLD6":126,"FLD7":49,"FLD8":2,"FLD9":51,"FLD10":24,"FLD11":1,"FLD12":27},
{"CODE":"D72","ADM_NAME":"VAVOUA","GEOLOC":"YES","LEVEL":"DISTRICT","FLD1":14,"FLD2":5,"FLD3":3,"FLD4":82,"FLD5":4,"FLD6":86,"FLD7":36,"FLD8":0,"FLD9":36,"FLD10":19,"FLD11":0,"FLD12":47},
{"CODE":"R12","ADM_NAME":"INDENIE DUABLIN","GEOLOC":"N/A","LEVEL":"REGION","FLD1":67,"FLD2":14,"FLD3":6,"FLD4":309,"FLD5":27,"FLD6":336,"FLD7":111,"FLD8":6,"FLD9":117,"FLD10":66,"FLD11":18,"FLD12":48},
{"CODE":"D01","ADM_NAME":"ABENGOUROU","GEOLOC":"YES","LEVEL":"DISTRICT","FLD1":43,"FLD2":9,"FLD3":4,"FLD4":180,"FLD5":22,"FLD6":202,"FLD7":63,"FLD8":5,"FLD9":68,"FLD10":46,"FLD11":6,"FLD12":29},
{"CODE":"D07","ADM_NAME":"AGNIBILEKROU","GEOLOC":"YES","LEVEL":"DISTRICT","FLD1":18,"FLD2":3,"FLD3":2,"FLD4":91,"FLD5":5,"FLD6":96,"FLD7":33,"FLD8":1,"FLD9":34,"FLD10":14,"FLD11":1,"FLD12":16},
{"CODE":"D11","ADM_NAME":"BETTIE","GEOLOC":"YES","LEVEL":"DISTRICT","FLD1":6,"FLD2":2,"FLD3":0,"FLD4":38,"FLD5":0,"FLD6":38,"FLD7":15,"FLD8":0,"FLD9":15,"FLD10":6,"FLD11":0,"FLD12":3},
{"CODE":"R13","ADM_NAME":"KABADOUGOU-BAFING-FOLON","GEOLOC":"N/A","LEVEL":"REGION","FLD1":58,"FLD2":9,"FLD3":3,"FLD4":157,"FLD5":8,"FLD6":165,"FLD7":76,"FLD8":0,"FLD9":76,"FLD10":41,"FLD11":10,"FLD12":47},
{"CODE":"D51","ADM_NAME":"MINIGNAN","GEOLOC":"YES","LEVEL":"DISTRICT","FLD1":10,"FLD2":1,"FLD3":0,"FLD4":26,"FLD5":0,"FLD6":26,"FLD7":18,"FLD8":0,"FLD9":18,"FLD10":4,"FLD11":0,"FLD12":4},
{"CODE":"D54","ADM_NAME":"ODIENNE","GEOLOC":"YES","LEVEL":"DISTRICT","FLD1":29,"FLD2":6,"FLD3":2,"FLD4":72,"FLD5":6,"FLD6":78,"FLD7":33,"FLD8":0,"FLD9":33,"FLD10":26,"FLD11":1,"FLD12":25},
{"CODE":"D69","ADM_NAME":"TOUBA","GEOLOC":"YES","LEVEL":"DISTRICT","FLD1":19,"FLD2":2,"FLD3":1,"FLD4":59,"FLD5":2,"FLD6":61,"FLD7":25,"FLD8":0,"FLD9":25,"FLD10":11,"FLD11":0,"FLD12":18},
{"CODE":"R14","ADM_NAME":"LÔH-DJIBOUA","GEOLOC":"N/A","LEVEL":"REGION","FLD1":54,"FLD2":13,"FLD3":7,"FLD4":314,"FLD5":19,"FLD6":333,"FLD7":136,"FLD8":7,"FLD9":143,"FLD10":66,"FLD11":7,"FLD12":46},
{"CODE":"D32","ADM_NAME":"DIVO","GEOLOC":"YES","LEVEL":"DISTRICT","FLD1":27,"FLD2":4,"FLD3":3,"FLD4":174,"FLD5":15,"FLD6":189,"FLD7":61,"FLD8":7,"FLD9":68,"FLD10":32,"FLD11":2,"FLD12":31},
{"CODE":"D35","ADM_NAME":"FRESCO","GEOLOC":"YES","LEVEL":"DISTRICT","FLD1":8,"FLD2":3,"FLD3":2,"FLD4":39,"FLD5":1,"FLD6":40,"FLD7":20,"FLD8":0,"FLD9":20,"FLD10":10,"FLD11":0,"FLD12":5},
{"CODE":"D41","ADM_NAME":"GUITRY","GEOLOC":"YES","LEVEL":"DISTRICT","FLD1":5,"FLD2":3,"FLD3":1,"FLD4":19,"FLD5":0,"FLD6":19,"FLD7":12,"FLD8":0,"FLD9":12,"FLD10":7,"FLD11":0,"FLD12":4},
{"CODE":"D47","ADM_NAME":"LAKOTA","GEOLOC":"YES","LEVEL":"DISTRICT","FLD1":14,"FLD2":3,"FLD3":1,"FLD4":82,"FLD5":3,"FLD6":85,"FLD7":43,"FLD8":0,"FLD9":43,"FLD10":17,"FLD11":0,"FLD12":6},
{"CODE":"R15","ADM_NAME":"MARAHOUE","GEOLOC":"N/A","LEVEL":"REGION","FLD1":53,"FLD2":16,"FLD3":5,"FLD4":308,"FLD5":19,"FLD6":327,"FLD7":104,"FLD8":3,"FLD9":107,"FLD10":53,"FLD11":3,"FLD12":48},
{"CODE":"D16","ADM_NAME":"BOUAFLE","GEOLOC":"YES","LEVEL":"DISTRICT","FLD1":25,"FLD2":8,"FLD3":2,"FLD4":166,"FLD5":12,"FLD6":178,"FLD7":50,"FLD8":3,"FLD9":53,"FLD10":26,"FLD11":2,"FLD12":25},
{"CODE":"D62","ADM_NAME":"SINFRA","GEOLOC":"YES","LEVEL":"DISTRICT","FLD1":17,"FLD2":4,"FLD3":1,"FLD4":79,"FLD5":5,"FLD6":84,"FLD7":25,"FLD8":0,"FLD9":25,"FLD10":12,"FLD11":1,"FLD12":13},
{"CODE":"D75","ADM_NAME":"ZUENOULA","GEOLOC":"YES","LEVEL":"DISTRICT","FLD1":11,"FLD2":4,"FLD3":2,"FLD4":63,"FLD5":2,"FLD6":65,"FLD7":29,"FLD8":0,"FLD9":29,"FLD10":15,"FLD11":0,"FLD12":10},
{"CODE":"R16","ADM_NAME":"N'ZI-IFOU","GEOLOC":"N/A","LEVEL":"REGION","FLD1":94,"FLD2":25,"FLD3":12,"FLD4":399,"FLD5":20,"FLD6":419,"FLD7":130,"FLD8":3,"FLD9":133,"FLD10":91,"FLD11":0,"FLD12":62},
{"CODE":"D14","ADM_NAME":"BOCANDA","GEOLOC":"YES","LEVEL":"DISTRICT","FLD1":12,"FLD2":2,"FLD3":2,"FLD4":50,"FLD5":2,"FLD6":52,"FLD7":12,"FLD8":1,"FLD9":13,"FLD10":8,"FLD11":0,"FLD12":4},
{"CODE":"D24","ADM_NAME":"BONGOUANOU","GEOLOC":"YES","LEVEL":"DISTRICT","FLD1":24,"FLD2":7,"FLD3":5,"FLD4":131,"FLD5":5,"FLD6":136,"FLD7":37,"FLD8":2,"FLD9":39,"FLD10":28,"FLD11":0,"FLD12":24},
{"CODE":"D29","ADM_NAME":"DAOUKRO","GEOLOC":"YES","LEVEL":"DISTRICT","FLD1":17,"FLD2":7,"FLD3":2,"FLD4":78,"FLD5":6,"FLD6":84,"FLD7":25,"FLD8":0,"FLD9":25,"FLD10":17,"FLD11":0,"FLD12":12},
{"CODE":"D31","ADM_NAME":"DIMBOKRO","GEOLOC":"YES","LEVEL":"DISTRICT","FLD1":19,"FLD2":5,"FLD3":2,"FLD4":68,"FLD5":6,"FLD6":74,"FLD7":20,"FLD8":0,"FLD9":20,"FLD10":21,"FLD11":0,"FLD12":13},
{"CODE":"D50","ADM_NAME":"M'BAHIAKRO","GEOLOC":"YES","LEVEL":"DISTRICT","FLD1":12,"FLD2":2,"FLD3":1,"FLD4":38,"FLD5":0,"FLD6":38,"FLD7":20,"FLD8":0,"FLD9":20,"FLD10":10,"FLD11":0,"FLD12":5},
{"CODE":"D57","ADM_NAME":"PRIKRO","GEOLOC":"YES","LEVEL":"DISTRICT","FLD1":10,"FLD2":2,"FLD3":0,"FLD4":34,"FLD5":1,"FLD6":35,"FLD7":16,"FLD8":0,"FLD9":16,"FLD10":7,"FLD11":0,"FLD12":4},
{"CODE":"R17","ADM_NAME":"PORO-TCHOLOGO-BAGOUE","GEOLOC":"N/A","LEVEL":"REGION","FLD1":98,"FLD2":25,"FLD3":9,"FLD4":441,"FLD5":24,"FLD6":465,"FLD7":159,"FLD8":6,"FLD9":165,"FLD10":89,"FLD11":95,"FLD12":172},
{"CODE":"D23","ADM_NAME":"BOUNDIALI","GEOLOC":"YES","LEVEL":"DISTRICT","FLD1":16,"FLD2":5,"FLD3":2,"FLD4":72,"FLD5":2,"FLD6":74,"FLD7":23,"FLD8":0,"FLD9":23,"FLD10":11,"FLD11":1,"FLD12":24},
{"CODE":"D34","ADM_NAME":"FERKESSEDOUGOU","GEOLOC":"YES","LEVEL":"DISTRICT","FLD1":12,"FLD2":4,"FLD3":2,"FLD4":71,"FLD5":4,"FLD6":75,"FLD7":29,"FLD8":0,"FLD9":29,"FLD10":13,"FLD11":0,"FLD12":22},
{"CODE":"D45","ADM_NAME":"KORHOGO","GEOLOC":"YES","LEVEL":"DISTRICT","FLD1":48,"FLD2":10,"FLD3":4,"FLD4":213,"FLD5":16,"FLD6":229,"FLD7":73,"FLD8":5,"FLD9":78,"FLD10":50,"FLD11":3,"FLD12":108},
{"CODE":"D55","ADM_NAME":"OUANGOLODOUGOU","GEOLOC":"YES","LEVEL":"DISTRICT","FLD1":10,"FLD2":3,"FLD3":1,"FLD4":41,"FLD5":1,"FLD6":42,"FLD7":20,"FLD8":0,"FLD9":20,"FLD10":7,"FLD11":0,"FLD12":10},
{"CODE":"D66","ADM_NAME":"TENGRELA","GEOLOC":"YES","LEVEL":"DISTRICT","FLD1":12,"FLD2":3,"FLD3":0,"FLD4":44,"FLD5":1,"FLD6":45,"FLD7":14,"FLD8":1,"FLD9":15,"FLD10":8,"FLD11":0,"FLD12":8},
{"CODE":"R18","ADM_NAME":"SUD-COMOE","GEOLOC":"N/A","LEVEL":"REGION","FLD1":118,"FLD2":27,"FLD3":18,"FLD4":385,"FLD5":30,"FLD6":415,"FLD7":169,"FLD8":9,"FLD9":178,"FLD10":91,"FLD11":91,"FLD12":79},
{"CODE":"D03","ADM_NAME":"ABOISSO","GEOLOC":"YES","LEVEL":"DISTRICT","FLD1":46,"FLD2":12,"FLD3":6,"FLD4":154,"FLD5":12,"FLD6":166,"FLD7":71,"FLD8":4,"FLD9":75,"FLD10":36,"FLD11":3,"FLD12":38},
{"CODE":"D04","ADM_NAME":"ADIAKE","GEOLOC":"YES","LEVEL":"DISTRICT","FLD1":26,"FLD2":6,"FLD3":3,"FLD4":85,"FLD5":4,"FLD6":89,"FLD7":34,"FLD8":0,"FLD9":34,"FLD10":18,"FLD11":0,"FLD12":13},
{"CODE":"D37","ADM_NAME":"GRAND-BASSAM","GEOLOC":"YES","LEVEL":"DISTRICT","FLD1":46,"FLD2":9,"FLD3":9,"FLD4":146,"FLD5":14,"FLD6":160,"FLD7":64,"FLD8":5,"FLD9":69,"FLD10":37,"FLD11":3,"FLD12":28},
{"CODE":"R19","ADM_NAME":"TONKPI","GEOLOC":"N/A","LEVEL":"REGION","FLD1":68,"FLD2":12,"FLD3":7,"FLD4":320,"FLD5":15,"FLD6":335,"FLD7":104,"FLD8":3,"FLD9":107,"FLD10":65,"FLD11":85,"FLD12":83},
{"CODE":"D12","ADM_NAME":"BIANKOUMA","GEOLOC":"YES","LEVEL":"DISTRICT","FLD1":11,"FLD2":3,"FLD3":1,"FLD4":62,"FLD5":0,"FLD6":62,"FLD7":18,"FLD8":0,"FLD9":18,"FLD10":6,"FLD11":0,"FLD12":13},
{"CODE":"D28","ADM_NAME":"DANANE","GEOLOC":"YES","LEVEL":"DISTRICT","FLD1":14,"FLD2":3,"FLD3":1,"FLD4":74,"FLD5":4,"FLD6":78,"FLD7":28,"FLD8":0,"FLD9":28,"FLD10":16,"FLD11":0,"FLD12":16},
{"CODE":"D48","ADM_NAME":"MAN","GEOLOC":"YES","LEVEL":"DISTRICT","FLD1":30,"FLD2":4,"FLD3":3,"FLD4":128,"FLD5":9,"FLD6":137,"FLD7":41,"FLD8":3,"FLD9":44,"FLD10":33,"FLD11":3,"FLD12":45},
{"CODE":"D74","ADM_NAME":"ZOUAN-HOUNIEN","GEOLOC":"YES","LEVEL":"DISTRICT","FLD1":13,"FLD2":2,"FLD3":2,"FLD4":56,"FLD5":2,"FLD6":58,"FLD7":17,"FLD8":0,"FLD9":17,"FLD10":10,"FLD11":0,"FLD12":9},
{"CODE":"R20","ADM_NAME":"WORODOUGOU-BERE","GEOLOC":"N/A","LEVEL":"REGION","FLD1":49,"FLD2":13,"FLD3":3,"FLD4":179,"FLD5":8,"FLD6":187,"FLD7":77,"FLD8":1,"FLD9":78,"FLD10":44,"FLD11":82,"FLD12":65},
{"CODE":"D49","ADM_NAME":"MANKONO","GEOLOC":"YES","LEVEL":"DISTRICT","FLD1":20,"FLD2":6,"FLD3":1,"FLD4":78,"FLD5":2,"FLD6":80,"FLD7":29,"FLD8":0,"FLD9":29,"FLD10":17,"FLD11":0,"FLD12":21},
{"CODE":"D60","ADM_NAME":"SEGUELA","GEOLOC":"YES","LEVEL":"DISTRICT","FLD1":29,"FLD2":7,"FLD3":2,"FLD4":101,"FLD5":6,"FLD6":107,"FLD7":48,"FLD8":1,"FLD9":49,"FLD10":27,"FLD11":1,"FLD12":44}]
