ORD,CODE,ADM_NAME,GEOLOC,LEVEL,FLD1,FLD2,FLD3,FLD4
1,R02,ABIDJAN 2,N/A,REGION,150,22,0.1,7
2,D76,ABOBO EST,YES,DISTRICT,32,2,0.1,16
3,D77,ABOBO OUEST,YES,DISTRICT,12,3,0.3,4
4,D78,ANYAMA,YES,DISTRICT,19,4,0.2,5
5,D79,COCODY BINGERVILLE,YES,DISTRICT,27,3,0.1,9
6,D80,KOUMASSI-PORT-BOUET-VRIDI,YES,DISTRICT,35,7,0.2,5
7,D81,MARCORY-TREICHVILLE,YES,DISTRICT,25,3,0.1,8
8,R01,ABIDJAN 1-GRANDS PONTS,N/A,REGION,126,18,0.1,7
9,D82,ADJAME-PLATEAU-ATTECOUBE,YES,DISTRICT,22,5,0.2,4
10,D26,DABOU,YES,DISTRICT,30,3,0.1,10
11,D38,GRAND-LAHOU,YES,DISTRICT,15,2,0.1,8
12,D43,JACQUEVILLE,YES,DISTRICT,19,2,0.1,10
13,D83,YOPOUGON-EST,YES,DISTRICT,16,0,0,null
14,D84,YOPOUGON-OUEST-SONGON,YES,DISTRICT,24,6,0.3,4
15,R03,AGNEBY-TIASSA-ME,N/A,REGION,140,32,0.2,4
16,D05,ADZOPE,YES,DISTRICT,23,5,0.2,5
17,D06,AGBOVILLE,YES,DISTRICT,36,10,0.3,4
18,D08,AKOUPE,YES,DISTRICT,18,6,0.3,3
19,D09,ALEPE,YES,DISTRICT,21,4,0.2,5
20,D61,SIKENSI,YES,DISTRICT,11,2,0.2,6
21,D67,TIASSALE,YES,DISTRICT,31,5,0.2,6
22,R04,BELIER,N/A,REGION,103,41,0.4,3
23,D30,DIDIEVI,YES,DISTRICT,16,8,0.5,2
24,D68,TIEBISSOU,YES,DISTRICT,24,5,0.2,5
25,D71,TOUMODI,YES,DISTRICT,26,12,0.5,2
26,D73,YAMOUSSOUKRO,YES,DISTRICT,37,16,0.4,2
27,R05,BOUNKANI-GONTOUGO,N/A,REGION,176,38,0.2,5
28,D15,BONDOUKOU,YES,DISTRICT,58,9,0.2,6
29,D22,BOUNA,YES,DISTRICT,39,10,0.3,4
30,D52,NASSIAN,YES,DISTRICT,11,2,0.2,6
31,D65,TANDA,YES,DISTRICT,68,17,0.3,4
32,R06,CAVALLY-GUEMON,N/A,REGION,131,19,0.1,7
33,D10,BANGOLO,YES,DISTRICT,20,0,0,null
34,D13,BLOLEQUIN,YES,DISTRICT,11,3,0.3,4
35,D33,DUEKOUE,YES,DISTRICT,37,5,0.1,7
36,D40,GUIGLO,YES,DISTRICT,22,3,0.1,7
37,D46,KOUIBLY,YES,DISTRICT,26,5,0.2,5
38,D70,TOULEPLEU,YES,DISTRICT,15,3,0.2,5
39,R07,GBEKE,N/A,REGION,108,22,0.2,5
40,D20,BEOUMI,YES,DISTRICT,27,5,0.2,5
41,D17,BOUAKE NORD-EST,YES,DISTRICT,17,4,0.2,4
42,D18,BOUAKE NORD-OUEST,YES,DISTRICT,29,4,0.1,7
43,D19,BOUAKE-SUD,YES,DISTRICT,14,0,0,null
44,D21,SAKASSOU,YES,DISTRICT,21,9,0.4,2
45,R08,GBOKLE-NAWA-SAN-PEDRO,N/A,REGION,205,36,0.2,6
46,D39,GUEYO,YES,DISTRICT,11,2,0.2,6
47,D58,SAN-PEDRO,YES,DISTRICT,26,13,0.5,2
48,D59,SASSANDRA,YES,DISTRICT,29,8,0.3,4
49,D63,SOUBRE,YES,DISTRICT,115,10,0.1,12
50,D64,TABOU,YES,DISTRICT,24,3,0.1,8
51,R09,GÔH,N/A,REGION,110,13,0.1,8
52,D36,GAGNOA,YES,DISTRICT,83,7,0.1,12
53,D56,OUME,YES,DISTRICT,27,6,0.2,5
54,R10,HAMBOL,N/A,REGION,48,14,0.3,3
55,D25,DABAKALA,YES,DISTRICT,22,6,0.3,4
56,D44,KATIOLA,YES,DISTRICT,14,4,0.3,4
57,D53,Niakaramandougou,YES,DISTRICT,12,4,0.3,3
58,R11,HAUT SASSANDRA,N/A,REGION,100,19,0.2,5
59,D27,DALOA,YES,DISTRICT,43,8,0.2,5
60,D42,ISSIA,YES,DISTRICT,29,4,0.1,7
61,D72,VAVOUA,YES,DISTRICT,28,7,0.3,4
62,R12,INDENIE DUABLIN,N/A,REGION,66,22,0.3,3
63,D01,ABENGOUROU,YES,DISTRICT,36,13,0.4,3
64,D07,AGNIBILEKROU,YES,DISTRICT,21,6,0.3,4
65,D11,BETTIE,YES,DISTRICT,9,3,0.3,3
66,R13,KABADOUGOU-BAFING-FOLON,N/A,REGION,98,52,0.5,2
67,D51,MINIGNAN,YES,DISTRICT,20,8,0.4,3
68,D54,ODIENNE,YES,DISTRICT,44,31,0.7,1
69,D69,TOUBA,YES,DISTRICT,34,13,0.4,3
70,R14,LÔH-DJIBOUA,N/A,REGION,105,19,0.2,6
71,D32,DIVO,YES,DISTRICT,44,9,0.2,5
72,D35,FRESCO,YES,DISTRICT,17,3,0.2,6
73,D41,GUITRY,YES,DISTRICT,14,4,0.3,4
74,D47,LAKOTA,YES,DISTRICT,30,3,0.1,10
75,R15,MARAHOUE,N/A,REGION,74,19,0.3,4
76,D16,BOUAFLE,YES,DISTRICT,36,7,0.2,5
77,D62,SINFRA,YES,DISTRICT,13,5,0.4,3
78,D75,ZUENOULA,YES,DISTRICT,25,7,0.3,4
79,R16,N'ZI-IFFOU,N/A,REGION,142,37,0.3,4
80,D14,BOCANDA,YES,DISTRICT,23,4,0.2,6
81,D24,BONGOUANOU,YES,DISTRICT,44,21,0.5,2
82,D29,DAOUKRO,YES,DISTRICT,28,6,0.2,5
83,D31,DIMBOKRO,YES,DISTRICT,21,3,0.1,7
84,D50,M'BAHIAKRO,YES,DISTRICT,13,2,0.2,7
85,D57,PRIKRO,YES,DISTRICT,13,1,0.1,13
86,R17,PORO-TCHOLOGO-BAGOUE,N/A,REGION,186,72,0.4,3
87,D23,BOUNDIALI,YES,DISTRICT,41,16,0.4,3
88,D34,FERKESSEDOUGOU,YES,DISTRICT,22,13,0.6,2
89,D45,KORHOGO,YES,DISTRICT,93,28,0.3,3
90,D55,OUANGOLODOUGOU,YES,DISTRICT,16,10,0.6,2
91,D66,TENGRELA,YES,DISTRICT,14,5,0.4,3
92,R18,SUD-COMOE,N/A,REGION,101,32,0.3,3
93,D03,ABOISSO,YES,DISTRICT,48,19,0.4,3
94,D04,ADIAKE,YES,DISTRICT,26,6,0.2,4
95,D37,GRAND-BASSAM,YES,DISTRICT,27,7,0.3,4
96,R19,TONKPI,N/A,REGION,119,20,0.2,6
97,D12,BIANKOUMA,YES,DISTRICT,31,4,0.1,8
98,D28,DANANE,YES,DISTRICT,23,3,0.1,8
99,D48,MAN,YES,DISTRICT,40,7,0.2,6
100,D74,ZOUAN-HOUNIEN,YES,DISTRICT,25,6,0.2,4
101,R20,WORODOUGOU-BERE,N/A,REGION,84,26,0.3,3
102,D49,MANKONO,YES,DISTRICT,47,10,0.2,5
103,D60,SEGUELA,YES,DISTRICT,37,16,0.4,2
104,P01,TOTAL CI,N/A,PAYS,2372,536,0.2,4
